Date,Close,Volume,Return,SMA_10,SMA_50,RSI,MACD,Volume_MA
2015-03-16,174.1988067626953,136099200,-0.0029723308608144983,173.60248413085938,172.0442449951172,41.39600213364897,-0.4801801342971381,131954120.0
2015-03-17,173.6810302734375,94510400,0.012021408565534797,173.33857269287108,172.08650482177734,40.44778930068706,-0.3772458225853761,119431940.0
2015-03-18,175.7689208984375,228808500,-0.004561170609883036,173.35778198242187,172.23249237060546,47.85651041223245,-0.16509743295493812,143164500.0
2015-03-19,174.9672088623047,117917300,0.008826727176051596,173.2776107788086,172.3941812133789,47.32734254824187,-0.07661285990028194,147949260.0
2015-03-20,176.5115966796875,177715100,-0.0019488472547740665,173.59909057617188,172.545166015625,48.558046521418795,0.07739779155093257,151010100.0
2015-03-23,176.1676025390625,71784500,-0.005618726895399995,173.81434783935546,172.629306640625,49.580329338828754,0.1454313387797428,138147160.0
2015-03-24,175.17776489257812,77805300,-0.014653780992905374,174.21290740966796,172.7212112426758,48.91679899669403,0.1149632844644003,134806140.0
2015-03-25,172.61074829101562,159521700,-0.0023813190304501353,174.3948516845703,172.7885012817383,42.40658560137124,-0.07544222090665803,120948780.0
2015-03-26,172.19970703125,153067200,0.002289265308437205,174.31854858398438,172.85709045410155,47.07198457048796,-0.21993900159830704,127978760.0
2015-03-27,172.5939178466797,118939000,0.01220012350683386,174.38773040771486,172.95394134521484,46.140457605288496,-0.2767252185620853,116223540.0
2015-03-30,174.6995849609375,96180400,-0.008739629763426238,174.43780822753905,173.1236410522461,59.911775359194166,-0.16669714634365454,121102720.0
2015-03-31,173.1727752685547,126768700,-0.0035365071493642652,174.3869827270508,173.21920806884765,56.327260343946875,-0.1872726203868939,130895400.0
2015-04-01,172.5603485107422,137303600,0.003597515765217052,174.06612548828124,173.29534454345702,48.8343371709901,-0.2303584014857035,126451780.0
2015-04-02,173.18113708496094,86900900,0.0067333656457817526,173.88751831054688,173.36685943603516,53.80207251347823,-0.20666200265347678,113218520.0
2015-04-06,174.34722900390625,114368200,-0.002646240773252595,173.67108154296875,173.4112518310547,50.47299406654302,-0.10729706006744529,112304360.0
2015-04-07,173.8858642578125,81236300,0.0033768628819219604,173.44290771484376,173.4652914428711,50.655123274835525,-0.06864977399365792,109315540.0
2015-04-08,174.47305297851562,89351900,0.0044234584012650124,173.3724365234375,173.52305816650392,45.415303555426,-0.003410440227475168,101832180.0
2015-04-09,175.2448272705078,85548900,0.0054573657720238256,173.6358444213867,173.64152557373046,50.98428093500738,0.08681443680184212,91481240.0
2015-04-10,176.20120239257812,72722900,-0.004523221518867859,174.03599395751954,173.82254943847656,48.8516323959119,0.19951147319359747,88645640.0
2015-04-13,175.40420532226562,74436600,0.0019132183703065575,174.31702270507813,173.9567318725586,47.26725512901746,0.20856853194930658,80659320.0
2015-04-14,175.7397918701172,75099900,0.004486822108999089,174.4210433959961,174.14005310058593,52.110766381319024,0.22367406292635572,79432040.0
2015-04-15,176.52830505371094,99529300,-0.0002849867477272561,174.75659637451173,174.29788665771486,66.98141536377551,0.27006627218751045,81467520.0
2015-04-16,176.47799682617188,68934900,-0.011503362280516294,175.1483612060547,174.40594055175782,69.14377323140873,0.2796974455226198,78144720.0
2015-04-17,174.44790649414062,191113200,0.009136839873421732,175.27503814697266,174.48642181396485,57.236499645628726,0.1392266038793411,101822780.0
2015-04-20,176.04180908203125,92189500,-0.001191463070885579,175.44449615478516,174.56437133789063,55.456986312247516,0.14224658078141073,105373360.0
2015-04-21,175.83206176757812,72559800,0.004914117707294663,175.6391159057617,174.64764739990235,62.10840937608124,0.11996942449208559,104865340.0
2015-04-22,176.6961212158203,78264600,0.0025163305874107422,175.86142272949218,174.76357177734374,68.40937741118682,0.1510731856784085,100612400.0
2015-04-23,177.1407470703125,102585900,0.002320249569820021,176.05101470947267,174.8519760131836,67.90605114220537,0.18696894527200048,107342600.0
2015-04-24,177.5517578125,61327400,-0.0041576888066310325,176.18607025146486,174.94659576416015,65.55363326924615,0.2214250081728718,81385440.0
2015-04-27,176.8135528564453,79358100,0.003178900852484956,176.3270050048828,174.9932113647461,63.83807057907149,0.17948779736971843,78819160.0
2015-04-28,177.37562561035156,86863500,-0.004114589467115515,176.49058837890624,175.03670349121094,63.752007969705865,0.1742696957129788,81679900.0
2015-04-29,176.6457977294922,125684900,-0.010020766785995838,176.50233764648436,175.06008728027345,56.66410208021833,0.10965172977450088,91163960.0
2015-04-30,174.87567138671875,161304900,0.010841791549032198,176.34210510253905,175.04773498535155,44.14780382646187,-0.05534177271902563,102907760.0
2015-05-01,176.77163696289062,103399700,0.0028472393302112486,176.57447814941406,175.0758071899414,55.50316744082081,-0.04088932009055335,111322220.0
2015-05-04,177.2749481201172,70927200,-0.011451820300259263,176.69779205322266,175.09289916992188,56.095873312861876,-0.003363657884727478,109636040.0
2015-05-05,175.2448272705078,113326200,-0.004116555338796513,176.63906860351562,175.06988983154298,45.360937320755724,-0.1147936531764645,114928580.0
2015-05-06,174.52342224121094,135060200,0.003989834551351601,176.4217987060547,175.02243133544923,43.26216513336805,-0.23007827632825673,116803640.0
2015-05-07,175.21974182128906,88244900,0.013165666959935596,176.22969818115234,174.99190490722657,52.93012263150882,-0.2508428096081611,102191640.0
2015-05-08,177.52662658691406,155877300,-0.004772577149544266,176.22718505859376,175.01169219970703,55.3473476201833,-0.10802749039022941,112687160.0
2015-05-11,176.6793670654297,75708100,-0.002991313738253454,176.2137664794922,175.0265606689453,52.91747796746951,-0.07100602152034158,113643340.0
2015-05-12,176.15086364746094,119727600,0.0001903982624036349,176.09129028320314,175.00864288330078,48.078135252293826,-0.08175239494007697,114923620.0
2015-05-13,176.1844024658203,94667900,0.010427646800683865,176.04515075683594,175.00592803955078,46.528581667366396,-0.08585295083565031,106845160.0
2015-05-14,178.02159118652344,95934000,0.0010836711930917176,176.3597427368164,175.05482330322266,51.54543036252943,0.029637499765945485,108382980.0
2015-05-15,178.21450805664062,76510100,0.0031068201234543125,176.5040298461914,175.10373504638673,54.779641817089534,0.10911166621538976,92509540.0
2015-05-18,178.7681884765625,74549700,-0.00032853204813487746,176.65335388183593,175.21316284179687,54.75373186416629,0.18460506027321244,92277860.0
2015-05-19,178.70945739746094,72114600,-0.0007041554220522661,176.99981689453125,175.30705139160156,57.3828947253496,0.21416836817520768,82755260.0
2015-05-20,178.5836181640625,76857500,0.0029125941500673935,177.4058364868164,175.45488037109374,65.03425030439215,0.20862550089588427,79193180.0
2015-05-21,179.103759765625,64764600,-0.002388704337051517,177.79423828125,175.6211294555664,60.643285116197454,0.2220967467196302,72959300.0
2015-05-22,178.67593383789062,57433500,-0.010751678991769764,177.90916900634767,175.73539337158203,56.43814292025159,0.1858072307048655,69143980.0
2015-05-26,176.75486755371094,124308600,0.009491784522998259,177.91671905517578,175.83244873046874,57.009553652883945,0.024555123442944304,79095760.0
2015-05-27,178.43258666992188,93214000,-0.0011282087417919806,178.14489135742187,175.91712432861328,66.6664931867949,0.02294170325945677,83315640.0
2015-05-28,178.2312774658203,74974600,-0.006212884393862805,178.34957885742188,176.00812927246093,63.40533050778385,0.001553520096638561,82939060.0
2015-05-29,177.1239471435547,124919600,0.0020365274106337594,178.259814453125,176.0352297973633,47.99323524849207,-0.08891091507159543,94970060.0
2015-06-01,177.4846649169922,93338800,-0.000992379833101742,178.18683013916015,176.08557891845703,54.217761012722974,-0.12407162981952014,102151120.0
2015-06-02,177.30853271484375,91531000,0.0026494626720683367,178.04086456298828,176.10151763916016,56.2956914564341,-0.15669247382925444,95595600.0
2015-06-03,177.77830505371094,87820900,-0.008446658831492426,177.94774932861327,176.13373168945313,58.27539547736146,-0.14444613813707408,94516980.0
2015-06-04,176.27667236328125,151882800,-0.0017131404302526132,177.71705474853516,176.15570983886718,40.613482832494725,-0.23016712174254506,109898620.0
2015-06-05,175.9746856689453,121704700,-0.006149482899763914,177.40414733886718,176.22298858642577,38.09097296253567,-0.29573573182665974,109255640.0
2015-06-08,174.8925323486328,89063300,-0.0001440442333578984,177.02580718994142,176.27684509277344,30.4897476982826,-0.39433934880116916,108400540.0
2015-06-09,174.86734008789062,105034700,0.011993606341861085,176.83705444335936,176.32231353759767,30.593051952356063,-0.4401434055547664,111101280.0
2015-06-10,176.96463012695312,134551300,0.0032232658714070883,176.6902587890625,176.36761444091798,43.1804918180299,-0.3140241184659559,120447360.0
2015-06-11,177.5350341796875,73876400,-0.0076547047615904695,176.62063446044922,176.45485961914062,43.42006901989698,-0.18346531896630391,104846080.0
2015-06-12,176.17605590820312,135382400,-0.0042858600396989965,176.52584533691407,176.52717376708983,40.27412353606064,-0.17965748466433598,107581620.0
2015-06-15,175.42098999023438,124384200,0.005451711363306133,176.3194778442383,176.5719708251953,44.29268521988475,-0.2165514448023933,114645800.0
2015-06-16,176.37733459472656,85308200,0.0016169992988186443,176.22635803222656,176.61257293701172,40.62753546343575,-0.1673268526358035,110700500.0
2015-06-17,176.66253662109375,126708600,0.010399424551700731,176.11478118896486,176.66810638427734,42.90047026814262,-0.10914840448332754,109131960.0
2015-06-18,178.49972534179688,165867900,-0.004439245905210054,176.33708648681642,176.74863983154296,55.840427420075734,0.05087321632877452,127530260.0
2015-06-19,177.7073211669922,130478700,0.005123118414229744,176.5103500366211,176.79788970947266,50.91179712513966,0.09842919651792459,126549520.0
2015-06-22,178.61773681640625,70696000,0.0007080195170090509,176.88287048339845,176.84622039794922,55.057173169869145,0.18143475179884047,115811880.0
2015-06-23,178.74420166015625,68476800,-0.007262309440353443,177.270556640625,176.91302032470702,53.83270303620363,0.23186998042419418,112445600.0
2015-06-24,177.44610595703125,92307300,-0.0030406459377624317,177.3187042236328,176.9471466064453,54.71652828070729,0.1678145590169767,105565340.0
2015-06-25,176.90655517578125,97107400,-0.00019061997897484861,177.2558563232422,176.95471160888673,53.6877242518698,0.08337807455024729,91813240.0
2015-06-26,176.87283325195312,104174800,-0.020970728819592388,177.32553405761718,176.96260833740234,58.54585873431658,0.02268152980322838,86552460.0
2015-06-29,173.16368103027344,202621300,0.0020935008333733407,177.09980316162108,176.936923828125,44.42165049717563,-0.25454568698071206,112937520.0
2015-06-30,173.5261993408203,182925100,0.008015238546798198,176.81468963623047,176.8866116333008,37.29847823660778,-0.39255113370746997,135827180.0
2015-07-01,174.91705322265625,135979900,-0.0009153508516348552,176.64014129638673,176.86831146240235,40.88190027550083,-0.36954389862963444,144561700.0
2015-07-02,174.75694274902344,104373700,-0.002846098589602608,176.26586303710937,176.8295278930664,44.60703984747113,-0.3449537968727404,146014960.0
2015-07-06,174.2595672607422,117975400,0.0062884650325845115,175.92108764648438,176.771904296875,45.49815170782197,-0.34139679423974534,148775080.0
2015-07-07,175.3553924560547,173820200,-0.016777103487955358,175.59485321044923,176.72797698974608,46.081173436190774,-0.2487620271001229,143014860.0
2015-07-08,172.41343688964844,164020100,0.001808875197169435,174.96177673339844,176.63997467041017,36.464070136074334,-0.3622539878755693,139233860.0
2015-07-09,172.72531127929688,144113100,0.0125917358777059,174.489697265625,176.54696838378905,29.62496742639442,-0.3905245261057685,140860500.0
2015-07-10,174.9002227783203,129456900,0.011037525667928927,174.2890640258789,176.51205688476563,40.97560018444573,-0.24411776187097534,145877140.0
2015-07-13,176.8306884765625,106069400,0.004337731612035656,174.28484954833985,176.5511572265625,44.60851471292307,-0.01094421236687737,143495940.0
2015-07-14,177.5977325439453,81709600,-0.00033172824746363627,174.72825469970704,176.5676791381836,46.66984605101848,0.19017057638632928,125073820.0
2015-07-15,177.538818359375,97914100,0.008024110319183597,175.1295166015625,176.57295654296874,50.29019285693817,0.3075063546761591,111852620.0
2015-07-16,178.96340942382812,106683300,0.0008477606687138373,175.53415222167968,176.64732818603517,56.100053217871064,0.46015040325821494,104366660.0
2015-07-17,179.11512756347656,89030000,0.0005177838476484453,175.969970703125,176.73916229248047,56.60379732614313,0.5446449022627969,96281280.0
2015-07-20,179.20787048339844,70446800,-0.003951699539029407,176.4648010253906,176.81892486572266,72.61894429090245,0.5769903430142097,89156760.0
2015-07-21,178.49969482421875,77965000,-0.0017942998879481031,176.77923126220702,176.83838623046876,68.1427583819173,0.5225275080929468,88407840.0
2015-07-22,178.17941284179688,88667900,-0.005630133201840248,177.35582885742187,176.86838714599608,62.909002646984945,0.44007290507675534,86558600.0
2015-07-23,177.17623901367188,90509100,-0.010371770141503811,177.80092163085936,176.8888946533203,58.97428350519549,0.29981325751429533,83323760.0
2015-07-24,175.33860778808594,117755000,-0.005817252837461928,177.84476013183593,176.87197875976562,53.640658238587804,0.0767395966611219,89068760.0
2015-07-27,174.31861877441406,132361100,0.012282932333229413,177.5935531616211,176.79791931152343,46.48395616769541,-0.13454228397286377,101451620.0
2015-07-28,176.4597625732422,123544800,0.00687908919624225,177.4797561645508,176.76282440185548,64.5105970368133,-0.12531798245366912,110567580.0
2015-07-29,177.67364501953125,105791300,0.00023728918363241647,177.4932388305664,176.74093353271485,66.6670435622803,-0.037257285632463416,113992260.0
2015-07-30,177.71580505371094,91304400,-0.0015175864442567022,177.36847839355468,176.72106048583984,61.07458035645694,0.020909637407283077,114151320.0
2015-07-31,177.44610595703125,103266900,-0.003373517556118699,177.20157623291016,176.69831024169923,52.78440534181662,0.03734098505177383,111253700.0
2015-08-03,176.8474884033203,113965700,-0.0019542053811270055,176.96553802490234,176.6531848144531,46.553048891630795,0.005676235207172864,107574620.0
2015-08-04,176.50189208984375,81820800,0.0032954308499841822,176.76575775146483,176.6097039794922,45.3581840387542,-0.038340206942623356,99229820.0
2015-08-05,177.0835418701172,85786800,-0.00818760524782236,176.6561706542969,176.6162774658203,40.89781383218446,-0.028529561001734677,95228920.0
2015-08-06,175.63365173339844,116030800,-0.0019200149570034464,176.50191192626954,176.56029876708985,35.025438679393886,-0.11507734687286439,100174200.0
2015-08-07,175.2964324951172,117858000,0.012599333213036301,176.49769439697266,176.5016018676758,33.522614783751195,-0.1862140549965589,103092420.0
2015-08-10,177.5050506591797,80270700,-0.009023318290744431,176.81633758544922,176.50922393798828,46.28018904640219,-0.08106974537506981,96353420.0
2015-08-11,175.9033660888672,126081400,0.0011982127346774618,176.7606979370117,176.47759796142577,42.232428801299776,-0.11392578746682197,105205540.0
2015-08-12,176.1141357421875,172123700,-0.001244604835148988,176.60474700927733,176.45371002197265,46.16805801148162,-0.11562996463812523,122472920.0
2015-08-13,175.8949432373047,89383300,0.003642435782203801,176.42266082763672,176.41604278564452,52.2725912776376,-0.1248948838720772,117143420.0
2015-08-14,176.53562927246094,72786500,0.0055865284392786485,176.33161315917968,176.4212219238281,59.34594949248048,-0.08325326403784461,108129120.0
2015-08-17,177.5218505859375,79072600,-0.0028964063485252822,176.3990493774414,176.45216522216796,54.96029907884741,0.010353569358464914,107889500.0
2015-08-18,177.00767517089844,71692700,-0.007905175479240967,176.4496276855469,176.4944680786133,46.672207269372414,0.035849241498925925,97011760.0
2015-08-19,175.6083984375,172946000,-0.020881557837429066,176.30211334228517,176.50928924560546,40.72713356295446,-0.03924892920173062,97176220.0
2015-08-20,171.94142150878906,194327900,-0.030102535836426192,175.93289031982422,176.40882507324218,31.353420533850766,-0.31808989578896474,118165140.0
2015-08-21,166.7655487060547,346588500,-0.042107037264664804,175.07980194091797,176.19343536376954,23.932080509798595,-0.8055845039819298,172925540.0
2015-08-24,159.74354553222656,507244300,-0.011767652409940155,173.30365142822265,175.86478515625,17.790047211838555,-1.5142831979358418,258559880.0
2015-08-25,157.86373901367188,369833100,0.03839351355405762,171.49968872070312,175.51364013671875,14.814868613281405,-1.9928640261060784,318187960.0
2015-08-26,163.9246826171875,339257000,0.024735622409002733,170.28074340820314,175.26458709716798,31.660863185215106,-1.7908227578479698,351450160.0
2015-08-27,167.97946166992188,274143900,5.014215118182008e-05,169.48919525146485,175.09092559814454,39.73517929213035,-1.2967187378478968,367413360.0
2015-08-28,167.98788452148438,160414400,-0.008079112354025031,168.6344207763672,174.8806887817383,35.770132648773014,-0.9007299861878209,330178540.0
2015-08-31,166.6306915283203,163298800,-0.029847781779801297,167.54530487060546,174.65915618896486,36.03358041216169,-0.6720936248704175,261389440.0
2015-09-01,161.65713500976562,256000400,0.018980944770435437,166.0102508544922,174.31994415283202,30.9571377118031,-0.7895915244632676,238622900.0
2015-09-02,164.7255401611328,160269300,0.0007163201025468524,164.92196502685547,174.03957092285157,36.31479643764952,-0.6028625104558087,202825360.0
2015-09-03,164.84353637695312,152087800,-0.015136645800599924,164.21217651367186,173.78751953125,35.48850656343046,-0.4221523772696294,178414140.0
2015-09-04,162.34835815429688,207081000,0.02513106149424682,163.77045745849608,173.49635559082031,31.8475383800953,-0.42049210510348534,187747460.0
2015-09-08,166.4283447265625,116025700,-0.013371812428074059,164.43893737792968,173.2874658203125,38.33858270100403,-0.11057452190783046,178292840.0
2015-09-09,164.20289611816406,149347700,0.005441678860937493,165.0728530883789,173.1082501220703,37.65279331906784,-0.025839098235014735,156962300.0
2015-09-10,165.096435546875,158611100,0.004544463093451245,165.19002838134764,172.93965484619142,42.11645682805278,0.1124196652727818,156630660.0
2015-09-11,165.84671020507812,119691200,-0.0037102088246037113,164.97675323486328,172.75824798583983,48.82162525189945,0.2675790346496685,150151340.0
2015-09-14,165.23138427734375,79452000,0.012498933380516997,164.70110321044922,172.56773681640624,58.42187616352234,0.33743846946677936,124625540.0
2015-09-15,167.29660034179688,113806200,0.00866676699547142,164.76769409179687,172.42847747802733,64.39416588664272,0.5204680519082818,124181640.0
2015-09-16,168.74652099609375,99581600,-0.0022481293921351453,165.47663269042968,172.29630004882813,58.56294934591818,0.7243828595812949,114228420.0
2015-09-17,168.36715698242188,276046600,-0.016341327030453767,165.8407943725586,172.21537445068358,50.79186690851519,0.8123070003658408,137715520.0
2015-09-18,165.61581420898438,223657500,0.005167684159959496,165.91802215576172,172.07318450927735,45.64322027723128,0.6696958884715225,158508780.0
2015-09-21,166.47166442871094,105726200,-0.012979694473462478,166.33035278320312,171.90461334228516,49.70243499652241,0.6187417134256517,163763620.0
2015-09-22,164.3109130859375,153890900,-0.0015984911239306232,166.1186096191406,171.65421783447266,55.54983999989788,0.43398488109284217,171780560.0
2015-09-23,164.0482635498047,92790600,-0.0036161992107388574,166.1031463623047,171.38322845458984,48.395295431078615,0.2951915846908395,170422360.0
2015-09-24,163.4550323486328,159378800,-0.00025895734289227423,165.93900604248046,171.101552734375,46.782605129191495,0.17071337804512643,147088800.0
2015-09-25,163.41270446777344,155054800,-0.02509726254888811,165.69560546875,170.7905386352539,52.78257144019703,0.09650119496607612,133368260.0
2015-09-28,159.31149291992188,178515900,0.0005852132791117626,165.1036163330078,170.39446594238282,31.414699923970858,-0.20156316652911888,147926200.0
2015-09-29,159.40472412109375,159045600,0.01865805511916241,164.3144287109375,169.99840301513672,35.89953768681981,-0.3561699190684231,148957140.0
2015-09-30,162.37890625,163452000,0.0026094603250017556,163.67766723632812,169.67598724365234,42.8841411472892,-0.22808822810701623,163089420.0
2015-10-01,162.80262756347656,131079000,0.014937532294359013,163.1212142944336,169.36845153808594,41.890372446851664,-0.09178166468510973,157429460.0
2015-10-02,165.2344970703125,211003300,0.017794941049836588,163.0830825805664,169.12961669921876,50.00756087617213,0.17089913694734804,168619160.0
2015-10-05,168.17483520507812,126320800,-0.003426119806131722,163.25339965820314,168.98634124755858,52.046214382516524,0.5310784588664943,158180140.0
2015-10-06,167.59864807128906,110274500,0.008190557956325506,163.5821731567383,168.85194183349608,47.21204084673136,0.7078599908254817,148425920.0
2015-10-07,168.97137451171875,124307300,0.009026786691503919,164.0744842529297,168.70217407226562,51.39997256480858,0.8831858745946866,140596980.0
2015-10-08,170.49664306640625,153055200,0.0005963126880090819,164.77864532470704,168.55863403320313,61.9901191252652,1.0561304347723528,144992220.0
2015-10-09,170.5983123779297,107069200,0.0009434425510299604,165.49720611572266,168.4162841796875,60.527504079522664,1.125258502622259,124205400.0
2015-10-12,170.75926208496094,56395600,-0.00630209655559677,166.64198303222656,168.2825473022461,68.31962753759521,1.1269110406743152,110220360.0
2015-10-13,169.68312072753906,88038700,-0.0047940024925468006,167.6698226928711,168.13925994873046,65.3012551399747,1.0046678945957408,105773200.0
2015-10-14,168.86965942382812,99106200,0.015354509362122126,168.31889801025392,167.98661529541016,64.52944803713874,0.8256513029975393,100732980.0
2015-10-15,171.4625701904297,134142200,0.004546509909120422,169.1848922729492,167.87419586181642,68.99998991576786,0.8359393967504591,96950380.0
2015-10-16,172.24212646484375,114580100,0.0004922014943222752,169.88565521240236,167.80636535644533,86.19549673762064,0.8467113830275346,98452560.0
2015-10-19,172.326904296875,76523900,-0.0012787755489472863,170.30086212158204,167.74697479248047,86.1889606038644,0.8109530234347476,102478220.0
2015-10-20,172.10653686523438,78448500,-0.006203025150600561,170.75165100097655,167.63900451660157,82.21081457977546,0.7265828763161029,100560180.0
2015-10-21,171.03895568847656,102038000,0.016893431106512535,170.95840911865236,167.54171630859375,76.15736208865016,0.5604434019263762,101146540.0
2015-10-22,173.9283905029297,174911700,0.01096154947843897,171.30158386230468,167.4980014038086,76.83073500644676,0.6030119192817309,109300440.0
2015-10-23,175.8349151611328,144442300,-0.0024575830451761815,171.825244140625,167.49680084228515,75.25152889124072,0.7100616443086243,115272880.0
2015-10-26,175.4027862548828,69033000,-0.0019322852840190086,172.2895965576172,167.4741439819336,75.97310528347111,0.7010494556607798,113774700.0
2015-10-27,175.06385803222656,77905800,0.011374372057489923,172.82767028808593,167.42498413085937,71.77488931960049,0.6241143574258785,113666160.0
2015-10-28,177.0550994873047,135906700,-0.000574051773937212,173.6462142944336,167.4259326171875,72.68471458262744,0.6559230470943334,120439900.0
2015-10-29,176.95346069335938,90525500,-0.004309715196111452,174.19530334472657,167.4528338623047,71.98154882225964,0.6191650764906513,103562660.0
2015-10-30,176.1908416748047,131076900,0.011830679606538386,174.59017486572264,167.537822265625,68.03635199169838,0.49776435270708097,100889580.0
2015-11-02,178.27529907226562,86270800,0.0028994860251039256,175.1850143432617,167.7680172729492,76.74087286549141,0.5102344623461601,104337140.0
2015-11-03,178.79220581054688,95246100,-0.0030331152346533274,175.85358123779298,168.14899047851563,81.46204624932992,0.5047581729341215,107805200.0
2015-11-04,178.24990844726562,96224500,-0.0009984774588406298,176.57467651367188,168.5567138671875,74.73797429072592,0.41957413215346007,99868760.0
2015-11-05,178.07192993164062,78408700,-0.0005232164668029782,176.98903045654296,168.83965881347658,72.22251950843852,0.31118998699112366,97445400.0
2015-11-06,177.978759765625,110471500,-0.009331605855136038,177.2034149169922,169.03964477539063,71.53042742316126,0.19864914733158168,93324320.0
2015-11-09,176.31793212890625,131008700,0.002306932341638923,177.29492950439453,169.20624572753906,64.45651490707955,-0.011094444551927651,102271900.0
2015-11-10,176.7246856689453,75874600,-0.00393210778712072,177.4610122680664,169.40812561035156,70.44504824026197,-0.13879425297907222,98397600.0
2015-11-11,176.02978515625,67846000,-0.013959689633268546,177.35848083496094,169.69557861328124,58.972364359418386,-0.2783650167440137,92721900.0
2015-11-12,173.5724639892578,121315200,-0.011228329587626429,177.02038116455077,169.87251708984374,40.77391767511088,-0.5298988490286622,101303200.0
2015-11-13,171.62353515625,153577100,0.015207085650881247,176.56365051269532,170.0081170654297,36.28516655905679,-0.8047709884911063,109924320.0
2015-11-16,174.23342895507812,117645200,-0.0007296015032365322,176.15946350097656,170.24581848144533,47.41282184633142,-0.7870942404210886,107251620.0
2015-11-17,174.10630798339844,121123700,0.01586602409714577,175.6908737182617,170.39937774658202,39.60581573466894,-0.7598560965507017,116301440.0
2015-11-18,176.86868286132812,121342500,-0.0008618558145417898,175.55275115966796,170.6526934814453,49.748367285935565,-0.5419201891022645,127000740.0
2015-11-19,176.71624755859375,88220500,0.00364381265069591,175.41718292236328,170.8850897216797,51.61809058450133,-0.40066440274322934,120381800.0
2015-11-20,177.36016845703125,94011500,-0.0011464728795413937,175.3553237915039,171.11535888671875,46.907262214906446,-0.2631403063651174,108468680.0
2015-11-23,177.15682983398438,64931200,0.001339345314229412,175.43921356201173,171.35386779785156,44.353475708186345,-0.1886347731917919,97925880.0
2015-11-24,177.39410400390625,98874400,-0.00014321718262122474,175.50615539550782,171.55581787109375,46.98155327892674,-0.1289849425142493,93476020.0
2015-11-25,177.3686981201172,51980100,0.0011464177456450564,175.64004669189453,171.72826141357422,47.49269630217996,-0.09824296523108744,79603540.0
2015-11-27,177.57203674316406,37317800,-0.004151628535026153,176.04000396728514,171.91235900878905,48.56117243799088,-0.07240956033426227,69423000.0
2015-11-30,176.83482360839844,112822700,0.00953546913736747,176.5611328125,172.13673919677734,51.956407487193104,-0.11086576196829401,73185240.0
2015-12-01,178.52102661132812,97858400,-0.010204747975863016,176.989892578125,172.37772644042968,56.19869523323101,-0.032692066762896044,79770680.0
2015-12-02,176.6992645263672,108441300,-0.014002652639690805,177.2491882324219,172.62549346923828,52.14349574232128,-0.10931062704129713,81684060.0
2015-12-03,174.22500610351562,166224200,0.01950269793072512,176.9848205566406,172.8290283203125,52.08700362596445,-0.3203251530838438,104532880.0
2015-12-04,177.62286376953125,192913900,-0.006058488619061442,177.0754821777344,173.11238494873047,67.55997255947234,-0.22903992576959875,135652100.0
2015-12-07,176.54673767089844,102027100,-0.006719868434051146,176.9941390991211,173.37506561279298,57.43894719797447,-0.23806155163104048,133492980.0
2015-12-08,175.36036682128906,103372400,-0.007779651573729063,176.81449279785156,173.69604309082033,53.775493516253924,-0.31597361325425977,134595780.0
2015-12-09,173.99612426757812,162401500,0.0025815113728744343,176.47469482421874,173.98787109375,40.556849714983954,-0.44361177513507244,145387820.0
2015-12-10,174.44529724121094,116128900,-0.019381327549561345,176.18235473632814,174.2291989135742,42.677417482014455,-0.4789872677440067,135368760.0
2015-12-11,171.06431579589844,211173300,0.005052506625042863,175.53158264160157,174.39443267822264,32.74498602804094,-0.698019660757862,139020640.0
2015-12-14,171.92861938476562,182385200,0.010497701622558475,175.04096221923828,174.52831512451172,36.172055473853966,-0.7481675023450611,155092260.0
2015-12-15,173.7334747314453,154069600,0.014632265093080354,174.56220703125,174.63948791503907,41.05946443917567,-0.6281039057190974,165231700.0
2015-12-16,176.2755889892578,197017000,-0.015237963169028923,174.51983947753905,174.81302673339843,47.6225180771993,-0.35916729240483103,172154800.0
2015-12-17,173.58950805664062,173092500,-0.017815361360688065,174.45628967285157,174.90538940429687,42.18239588618722,-0.3438506437552382,183547520.0
2015-12-18,170.4969482421875,251393500,0.00824893267111082,173.7436981201172,174.9053955078125,38.611958459430284,-0.5134578269192551,191591560.0
2015-12-21,171.9033660888672,99094300,0.009074230380479609,173.27936096191405,174.93149658203126,37.98846413973756,-0.5017960801469183,174933380.0
2015-12-22,173.4632568359375,111026200,0.012383876690609696,173.08964996337892,174.98557647705078,44.07003827946526,-0.36619183118087983,166324700.0
2015-12-23,175.6114044189453,110987200,-0.0016507269306827999,173.2511779785156,175.1041421508789,52.57129726006386,-0.12163561972099218,149118740.0
2015-12-24,175.32151794433594,48539600,-0.0022848820495895428,173.33880004882812,175.23317932128907,45.17560835488759,0.02307712546812446,124208160.0
2015-12-28,174.92092895507812,65899900,0.010671936207225396,173.7244613647461,175.30234649658203,46.492414920100046,0.09050646578455496,87109440.0
2015-12-29,176.7876739501953,92640700,-0.007088063592847749,174.21036682128906,175.39325744628906,52.991507113224415,0.25045098254952164,85818720.0
2015-12-30,175.5345916748047,63317700,-0.010003446676695171,174.390478515625,175.45741119384766,53.239584330725826,0.26032674814743906,76277020.0
2015-12-31,173.7786407470703,114877900,-0.013979225300882248,174.14078369140626,175.49085327148438,48.669433578879534,0.14293938405412862,77055160.0
2016-01-04,171.34934997558594,222353500,0.0016916081506732628,173.9167678833008,175.49706115722657,50.59135931599861,-0.09135716807218339,111817940.0
2016-01-05,171.6392059326172,110845800,-0.012614162522501804,174.03099365234374,175.4512774658203,49.38489328788758,-0.21291010922792936,120807120.0
2016-01-06,169.47412109375,152112600,-0.023991649691860406,173.78806915283204,175.32406158447264,41.08388224404024,-0.4136088539619397,132701500.0
2016-01-07,165.4081573486328,213436100,-0.010976838134464262,172.98255920410156,175.12416900634764,28.615454829333913,-0.7737606476986743,162725180.0
2016-01-08,163.59249877929688,209817200,0.000989908030800235,171.78066864013672,174.89474182128907,29.630467928038627,-1.0696019954404572,181713040.0
2016-01-11,163.7544403076172,187941300,0.008068628864224214,170.62396087646485,174.6287286376953,34.398486020047514,-1.1809826520244595,174830600.0
2016-01-12,165.07571411132812,172330500,-0.02494092935352188,169.63943939208986,174.3911737060547,34.138973666393724,-1.0942305873185019,187127540.0
2016-01-13,160.9585723876953,221168900,0.01641699485456849,168.05652923583983,174.0865283203125,24.035783738777184,-1.2324134582691688,200938800.0
2016-01-14,163.6010284423828,240795600,-0.02146644435235756,166.86317291259766,173.79304290771483,25.563754313765187,-1.0701467574111951,206410700.0
2016-01-15,160.08909606933594,324846400,0.0013313509218184638,165.4942184448242,173.41898071289063,22.600568040217325,-1.1183899843121368,229416540.0
2016-01-19,160.30223083496094,195244400,-0.01281501512483807,164.3895065307617,173.06002716064452,23.525975493764008,-1.0557736470316104,230877160.0
2016-01-20,158.24795532226562,286547800,0.005602096936651257,163.05038146972657,172.66354766845703,16.651634977523827,-1.06924963947234,253720620.0
2016-01-21,159.1344757080078,195772900,0.020515125222012376,162.01641693115235,172.28666198730468,20.106036433544503,-0.9396006362739686,248641420.0
2016-01-22,162.39913940429688,168319600,-0.015116522706495106,161.71551513671875,172.0082861328125,30.33894542695481,-0.5731309835470846,234146220.0
2016-01-25,159.94422912597656,130371700,0.01364287039673795,161.3506881713867,171.67267700195313,30.31211049404763,-0.44114124766226404,195251280.0
2016-01-26,162.12632751464844,141036800,-0.010882898070429525,161.18787689208983,171.3946078491211,34.58557011800728,-0.16610959102865008,184409760.0
2016-01-27,160.36192321777344,185681700,0.005208916636114891,160.71649780273438,171.1303970336914,35.040573870898086,-0.06731762759747406,164236540.0
2016-01-28,161.19723510742188,143798800,0.02437746953822062,160.74036407470703,170.92187103271485,42.26664761120126,0.08189311644596398,153841720.0
2016-01-29,165.12681579589844,210529300,-0.00036140177315113764,160.8929428100586,170.73973876953124,52.614750445053396,0.4521658564706028,162283660.0
2016-02-01,165.067138671875,136061600,-0.01802217448215171,161.3907470703125,170.55895538330077,52.24489732013083,0.685969972808155,163421640.0
2016-02-02,162.09226989746094,182564900,0.0059948908389146904,161.5697509765625,170.26342712402345,45.171010105849874,0.6343776166291062,171727260.0
2016-02-03,163.06399536132812,205054900,0.001568418355688106,162.05135498046874,169.99038208007812,53.79416201542842,0.6570253863311768,175601900.0
2016-02-04,163.3197479248047,139531800,-0.01905015853487746,162.46988220214843,169.70957366943358,49.44539983320477,0.6778289835657172,174748500.0
2016-02-05,160.20848083496094,180788300,-0.013461025429683082,162.25081634521484,169.37060668945313,50.23916950955577,0.4799658927338668,168800300.0
2016-02-08,158.05191040039062,191526700,5.36778498738677e-05,162.06158447265625,168.98376281738283,45.81750116986429,0.21525163907355838,179893320.0
2016-02-09,158.06039428710938,184513100,-0.0008627575457256231,161.65499114990234,168.59759674072265,49.6227022036254,0.060191236997503506,180282960.0
2016-02-10,157.9240264892578,148214100,-0.013007998582375557,161.41120147705078,168.20463653564454,47.48928655074408,-0.027393016861851027,168914800.0
2016-02-11,155.8697509765625,219058900,0.02061697020483444,160.87845306396486,167.78533508300782,35.74076320289829,-0.19042717243924034,184820220.0
2016-02-12,159.08331298828125,127632400,0.016878221131582327,160.27410278320312,167.39658081054688,48.180184945667776,-0.05559023877502556,174189040.0
2016-02-16,161.7683563232422,120250700,0.01633471994126201,159.94422454833983,167.09796264648438,49.25907023104629,0.2252760222142225,159933840.0
2016-02-17,164.41079711914062,136009500,-0.004095750594951597,160.17607727050782,166.90167846679688,58.08645026571154,0.57971491886763,150233120.0
2016-02-18,163.73741149902344,102343000,-0.00046874876231217666,160.24341888427733,166.62396942138673,55.10629252483165,0.7487578625787079,141058900.0
2016-02-19,163.66065979003906,114793000,0.014479661634033913,160.2775100708008,166.36624786376953,46.512502377360846,0.8291059159870837,120205720.0
2016-02-22,166.03041076660156,103640300,-0.012629389900844279,160.85970306396484,166.1796487426758,52.064427644474605,1.0038901385125527,115407300.0
2016-02-23,163.9335479736328,111455300,0.004575024510057091,161.44786682128907,165.97839721679688,54.10043291220106,0.9413657199770058,113648220.0
2016-02-24,164.6835479736328,150812200,0.012112074632661507,162.1101821899414,165.78316223144532,53.642634115336755,0.9129130457134627,116608760.0
2016-02-25,166.67820739746094,110728300,-0.002301476377871703,162.98560028076173,165.69544006347655,57.005716613829364,0.9846579600483065,118285820.0
2016-02-26,166.2946014404297,129833700,-0.007842336265263095,164.02808532714843,165.58275970458985,64.32583866101574,0.9614242196230837,121293960.0
2016-02-29,164.99046325683594,125918100,0.023506829627622405,164.6188003540039,165.40789947509765,67.01515826183268,0.8189401530708781,125749520.0
2016-03-01,168.86886596679688,141799700,0.004492278388251947,165.32885131835937,165.25976501464845,72.27701411576157,0.9380526647259286,131818400.0
2016-03-02,169.62747192382812,102415000,0.0039197762358742505,165.85051879882812,165.18052429199219,73.51838212522377,1.0136486168513201,122138960.0
2016-03-03,170.29237365722656,95172200,0.0032537711192039964,166.50601501464843,165.17643280029296,80.69673592586025,1.049716072913992,119027740.0
2016-03-04,170.84646606445312,129293600,0.0007979212249724643,167.22459564208984,165.1552947998047,78.2325047901981,1.0496530102032327,118919720.0
2016-03-07,170.9827880859375,100219000,-0.010917825558956262,167.71983337402344,165.10568542480468,75.19818402593772,0.9978938425813593,113779900.0
2016-03-08,169.11602783203125,123974900,0.004939733946586422,168.2380813598633,164.9757778930664,63.437189520838054,0.7863394258596574,110214940.0
2016-03-09,169.951416015625,94801200,0.0008024826143731012,168.7648681640625,164.8683758544922,67.58324647658063,0.6563710487921004,108692180.0
2016-03-10,170.08779907226562,156838700,0.01613716993661174,169.10582733154297,164.77171325683594,68.12516943573061,0.5382475012994099,121025480.0
2016-03-11,172.83253479003906,137964500,-0.0012822739226325819,169.7596206665039,164.6926104736328,68.78535549337559,0.5989724933611005,122759660.0
2016-03-14,172.6109161376953,73612000,-0.0016298290991103581,170.52166595458985,164.63413696289064,76.73313125691034,0.577941995304432,117438260.0
2016-03-15,172.32958984375,93169100,0.005787250199047467,170.86773834228515,164.60515594482422,74.25629944167395,0.5016435444562177,111277100.0
2016-03-16,173.326904296875,129303200,0.006343959478665395,171.23768157958983,164.64470703125,72.51720071479731,0.47516042061165753,118177500.0
2016-03-17,174.42648315429688,134278500,0.003929678860005614,171.65109252929688,164.70045257568358,76.26650001133598,0.48673215642316947,113665460.0
2016-03-18,175.11192321777344,138372400,0.0014188574811990762,172.0776382446289,164.81320861816405,84.05406182425287,0.4940106001450517,113747040.0
2016-03-21,175.36038208007812,72926700,-0.000537310773067956,172.51539764404296,165.01225311279296,78.90018069915628,0.46920347403797,113609980.0
2016-03-22,175.2661590576172,97471900,-0.006599459893021575,173.13041076660156,165.24572631835937,76.6817956675124,0.40264759796065297,114470540.0
2016-03-23,174.1094970703125,81052500,-0.00044292770480369725,173.5462188720703,165.45282745361328,67.25908182090389,0.2446932952070946,104820400.0
2016-03-24,174.03237915039062,84360900,0.0005906858391289127,173.9406768798828,165.63196075439453,65.05440848616644,0.10606872970133319,94836880.0
2016-03-28,174.1351776123047,62408200,0.009250338433961947,174.07094116210936,165.8954928588867,64.9433426737513,-0.0019333111063488673,79644040.0
2016-03-29,175.74598693847656,92922900,0.004387598935862824,174.3844482421875,166.1383920288086,82.20973866064135,0.011162035525984493,83643280.0
2016-03-30,176.51708984375,86365300,-0.0024270795586254224,174.8031982421875,166.46695190429688,82.09791816481021,0.045858856240829304,81421960.0
2016-03-31,176.0886688232422,94584100,0.0068121315958973305,175.07937469482422,166.7826806640625,78.5223081084923,0.015620861501010719,84128280.0
2016-04-01,177.2882080078125,114423500,-0.003238039171133633,175.36554718017578,167.16348571777343,74.8243211306017,0.05012512205079611,90140800.0
2016-04-04,176.71414184570312,63497000,-0.00998787856599237,175.52576904296876,167.51507904052735,71.99682614990715,0.010098208547772547,90358560.0
2016-04-05,174.9491424560547,99662200,0.01092096815594168,175.4846450805664,167.7660791015625,62.11574372705472,-0.15057071619800233,91706420.0
2016-04-06,176.85975646972656,91839800,-0.011965474677458565,175.64400482177734,168.1043896484375,65.06696966029054,-0.14352094422800832,92801320.0
2016-04-07,174.74354553222656,113859000,0.0026963865590905467,175.70740966796876,168.35673400878906,51.2443125949897,-0.2883733508209789,96656300.0
2016-04-08,175.2147216796875,95040600,-0.002346973823273535,175.82564392089844,168.65378997802733,50.41033380962996,-0.3550634372429524,92779720.0
2016-04-11,174.80349731445312,83757500,0.009312825279362169,175.8924758911133,168.92591522216796,47.80563358602378,-0.42477036898234655,96831820.0
2016-04-12,176.43141174316406,115350600,0.010101007480232127,175.96101837158204,169.15200714111327,54.09646645839055,-0.36161283675331424,99969500.0
2016-04-13,178.2135467529297,96336400,4.803327704339111e-05,176.1306640625,169.41493530273436,63.820090084442604,-0.20782306872639933,100868820.0
2016-04-14,178.22210693359375,65212900,-0.001105739709471698,176.34400787353516,169.73753204345704,64.17405022124854,-0.11800041629043223,91139600.0
2016-04-15,178.02503967285156,75761600,0.0070263697358261545,176.41769104003907,170.0367529296875,63.07618602093618,-0.08583348063290619,87283800.0
2016-04-18,179.27590942382812,82531000,0.003154474251737982,176.67386779785156,170.35587615966796,62.16048857054847,0.0011093141107783033,87038500.0
2016-04-19,179.8414306640625,88316100,0.0009529879634362359,177.16309661865233,170.74853515625,61.61681116763179,0.07408700197115659,81631600.0
2016-04-20,180.0128173828125,81100300,-0.005378085870350269,177.47840270996093,171.18775329589843,63.96366459795953,0.1091644167441288,78584380.0
2016-04-21,179.04469299316406,85695000,0.0,177.90851745605468,171.60743927001954,56.35492586389077,0.045678113932189124,82680800.0
2016-04-22,179.04469299316406,99251700,-0.0017230457496855145,178.29151458740233,172.02985260009766,58.79731867103955,-0.014578633495666793,87378820.0
2016-04-25,178.73619079589844,66166500,0.0014860434253869403,178.68478393554688,172.48718139648437,66.0613700842842,-0.08930706176313952,84105920.0
2016-04-26,179.00180053710938,75864200,0.002058466658858338,178.94182281494142,172.88555114746094,60.557867804222816,-0.13234663998342988,81615540.0
2016-04-27,179.37026977539062,77329400,-0.009076315948417735,179.0574951171875,173.2375894165039,77.55130597862531,-0.146402157531331,80861360.0
2016-04-28,177.74224853515625,97216200,-0.005398455906314603,179.00950927734374,173.50421844482423,63.22840732671875,-0.26863189194992065,83165600.0
2016-04-29,176.78271484375,142424100,0.007948465823875539,178.8852767944336,173.76512451171874,59.79644304000145,-0.4089820650894793,91800080.0
2016-05-02,178.1878662109375,62188000,-0.008703325649184968,178.77647247314454,174.05566864013673,58.88988256591091,-0.4014915612164749,91004380.0
2016-05-03,176.6370391845703,106422100,-0.0055782244169768624,178.4560333251953,174.26780120849608,41.82957226998677,-0.4894586046220304,97115960.0
2016-05-04,175.65171813964844,92243800,-0.00019502218257883008,178.0199234008789,174.5021646118164,37.9033752177641,-0.5954403657900691,100098840.0
2016-05-05,175.61746215820312,67619200,0.0036587910992760264,177.6772003173828,174.72084289550781,38.493256380075586,-0.6451057844733448,94179440.0
2016-05-06,176.260009765625,89315000,0.000826654763899981,177.39873199462892,174.9124789428711,34.69594762010951,-0.6122073169214224,83557620.0
2016-05-09,176.4057159423828,74374900,0.012433607172436467,177.16568450927736,175.11470123291016,31.789735551921524,-0.5595959121173295,85995000.0
2016-05-10,178.5990753173828,77472200,-0.009354557570145694,177.1254119873047,175.3868734741211,43.829379694515964,-0.36543492122431087,80205020.0
2016-05-11,176.92835998535156,81727000,0.00029046559616996426,176.88122100830077,175.5480633544922,41.29655567101915,-0.3384949525337826,78101660.0
2016-05-12,176.97975158691406,89586300,-0.008714282696665854,176.80497131347656,175.6951089477539,41.54364898844725,-0.30710577881205003,82495080.0
2016-05-13,175.4375,96474600,0.009865473036159589,176.67044982910156,175.79801147460938,37.73097044191276,-0.3755760309830455,83927000.0
2016-05-16,177.16827392578125,77486800,-0.009333987890688955,176.56849060058593,175.92444763183593,43.85066200492921,-0.29331405736341293,84549380.0
2016-05-17,175.51458740234375,114924900,0.0002930661131417267,176.45624542236328,176.01508361816406,38.095000282682854,-0.33620819045912265,92039920.0
2016-05-18,175.56602478027344,120062100,-0.0034650933282460716,176.4476760864258,176.1440835571289,42.55582569626187,-0.3457158548525892,99706940.0
2016-05-19,174.95767211914062,115430500,0.006317620420536185,176.38169708251954,176.24420867919923,43.60342360111325,-0.3751174225274129,104875780.0
2016-05-20,176.06298828125,104990400,-0.0013626597092992743,176.36199493408202,176.3637124633789,42.392643935354734,-0.30522951526807235,106578940.0
2016-05-23,175.8230743408203,58682600,0.012962540770464326,176.3037307739258,176.42352325439452,46.78402623709849,-0.26192629089377273,102818100.0
2016-05-24,178.10218811035156,93537800,0.00678283822840875,176.25404205322266,176.53334869384764,58.78378821856369,-0.07620041075724993,98540680.0
2016-05-25,179.3102264404297,76621400,0.0002866922950914841,176.49222869873046,176.67296142578124,62.20941906515652,0.12087731712306508,89852540.0
2016-05-26,179.36163330078125,55280700,0.0042991518926476235,176.73041687011718,176.79365600585936,60.67209613433943,0.2406500009438938,77822580.0
2016-05-27,180.1327362060547,64211200,-0.0019026395110146588,177.19994049072267,176.90778106689453,62.294829460798134,0.3510715290099309,69666740.0
2016-05-31,179.79000854492188,109879400,0.002049272502320676,177.4621139526367,177.0013427734375,54.47509681355263,0.3779612271809488,79906100.0
2016-06-01,180.158447265625,69936200,0.0030437379476886406,177.92649993896484,177.09730407714844,63.45426603329643,0.3956087172269932,75185780.0
2016-06-02,180.70680236816406,63044700,-0.002986877850940872,178.4405776977539,177.20611694335938,64.90711129555942,0.41711843056357445,72470440.0
2016-06-03,180.16705322265625,101757100,0.005088407060369171,178.96151580810547,177.32726806640625,70.56611285100058,0.36953036754076574,81765720.0
2016-06-06,181.0838165283203,64887000,0.0015614902841025735,179.4635986328125,177.46829681396486,68.32363866423502,0.37323678934058413,81900880.0
2016-06-07,181.3665771484375,60974800,0.00325953807996604,180.01794891357423,177.6129248046875,81.41678462828982,0.36758805134593586,72119960.0
2016-06-08,181.95774841308594,66170900,-0.0013652240044954578,180.40350494384765,177.73716003417968,82.4347260507325,0.37521603591751684,71366900.0
2016-06-09,181.70933532714844,73786900,-0.009477765593206788,180.64341583251954,177.84100494384765,85.56025787951799,0.3363302363483959,73515340.0
2016-06-10,179.9871368408203,113829200,-0.007712004023182506,180.70596618652343,177.91897430419922,69.40696882937733,0.1755088500080948,75929760.0
2016-06-13,178.5990753173828,117751200,-0.0019666510859897013,180.55260009765624,177.94519165039063,62.328685431756085,-0.03238505682302706,86502600.0
2016-06-14,178.24783325195312,125059300,-0.0013943235758646644,180.39838256835938,177.97586547851563,50.78048469366895,-0.19264375772100606,99319500.0
2016-06-15,177.99929809570312,109124500,0.0029845623307702684,180.18246765136718,178.0368685913086,42.16975302453349,-0.30765101937787875,107910220.0
2016-06-16,178.53054809570312,149533100,-0.003724045907677609,179.9648422241211,178.07028442382813,45.30501134396702,-0.33780141903184235,123059460.0
2016-06-17,177.86569213867188,117055700,0.006439953447856084,179.73470611572264,178.13272735595703,37.03734725108667,-0.38874741785391054,123704760.0
2016-06-20,179.01113891601562,82789600,0.002838640078133725,179.52743835449218,178.2086557006836,45.920970196008234,-0.33364169660298204,116712440.0
2016-06-21,179.519287109375,72461700,-0.001631537539898087,179.34270935058595,178.30297149658202,46.700921801261416,-0.2548640146082679,106192920.0
2016-06-22,179.2263946533203,95560500,0.013022718540384837,179.06957397460937,178.35887115478516,42.151780774047005,-0.21591851871109635,103480120.0
2016-06-23,181.56040954589844,102731400,-0.035908835076108425,179.05468139648437,178.42580841064452,56.206070211542624,-0.03584544059639594,94119780.0
2016-06-24,175.04078674316406,333444400,-0.017909818555995383,178.56004638671874,178.36218200683595,32.04537211664007,-0.3416928313475573,137397520.0
2016-06-27,171.9058380126953,230775800,0.018036092778453083,177.89072265625,178.23979797363282,25.964548019423148,-0.7192919533718389,166994760.0
2016-06-28,175.00634765625,159382400,0.017027319042556943,177.5665740966797,178.15440673828124,34.33673507979698,-0.722497502444698,184378900.0
2016-06-29,177.98623657226562,137328600,0.013645670035233426,177.56526794433594,178.11730285644532,42.53038243075365,-0.49692338810634873,192732520.0
2016-06-30,180.41497802734375,165021900,0.0021003620193922323,177.7537109375,178.12534606933593,50.834709183974205,-0.17381993521493877,205190620.0
2016-07-01,180.79391479492188,106055300,-0.00719314074090327,178.046533203125,178.1603305053711,54.457606854452585,0.06305782507438201,159712800.0
2016-07-05,179.49343872070312,109803700,0.005997815915660176,178.09476318359376,178.16930541992187,52.43584250096381,0.12615354240618984,135518380.0
2016-07-06,180.57000732421875,96021500,-0.0006200863354874908,178.19983520507813,178.2059817504883,54.869449704839795,0.22842836884839537,122846200.0
2016-07-07,180.45803833007812,85593800,0.014890544944073936,178.3229995727539,178.23510650634765,53.709991012846345,0.2735281591514627,112499240.0
2016-07-08,183.14515686035156,133971000,0.00352681889533768,178.48147430419922,178.31060424804687,59.427857049822855,0.45843533956102234,106289060.0
2016-07-11,183.79107666015625,73633900,0.0072631377246463735,179.35650329589845,178.43158081054688,58.69087305462583,0.5899685423915129,99804780.0
2016-07-12,185.1259765625,101275600,-0.00013921382188020193,180.67851715087892,178.59844604492187,59.89654202798311,0.7237772251749411,98099160.0
2016-07-13,185.10020446777344,87324100,0.005583342201996633,181.68790283203126,178.7366928100586,60.466746424492904,0.7635131196732224,96359680.0
2016-07-14,186.13368225097656,91230900,-0.0013418090501118307,182.50264739990234,178.92662567138672,58.54534609743692,0.8080616434831556,97487100.0
2016-07-15,185.88392639160156,107155400,0.0026870596660393264,183.04954223632814,179.1312698364258,76.46090234635074,0.7695566137373238,92123980.0
2016-07-18,186.38340759277344,58725900,-0.001016224303864277,183.60849151611328,179.34658874511717,90.54543061481239,0.7270743065849856,89142380.0
2016-07-19,186.19400024414062,54345700,0.004162866187908731,184.27854766845704,179.5452685546875,87.43589586486205,0.6387057044505047,79756400.0
2016-07-20,186.96910095214844,58159500,-0.003777133610817107,184.91845703125,179.7565362548828,85.26114284961301,0.5863058011434101,73923480.0
2016-07-21,186.2628936767578,67777300,0.0044849132766850985,185.49894256591796,179.90981262207032,76.54501755819832,0.4633273465366863,69232760.0
2016-07-22,187.0982666015625,62787500,-0.002715861262640229,185.89425354003907,180.11321075439454,77.47825878759986,0.39988238733160353,60359180.0
2016-07-25,186.5901336669922,55873100,0.0004618767291244552,186.17415924072264,180.3054183959961,83.22676607546248,0.29042694116891576,59788620.0
2016-07-26,186.6763153076172,70080500,-0.0010613846520918235,186.32919311523438,180.53019470214844,81.51220933437276,0.19513667452234684,62935580.0
2016-07-27,186.47817993164062,84083900,0.001154812268749028,186.46699066162108,180.71639282226562,80.79367854489145,0.09513093747224377,68120460.0
2016-07-28,186.6935272216797,65035700,0.001614529028543643,186.5229751586914,180.93997161865235,74.29328363510244,0.023582776039525744,67572140.0
2016-07-29,186.9949493408203,79519400,-0.0008293008650172018,186.6340774536133,181.16855010986328,73.02064489249965,-0.020938710871149624,70918520.0
2016-08-01,186.83987426757812,73311400,-0.006407242033271809,186.67972412109376,181.40619415283203,64.82900476336329,-0.07527137267261419,74406180.0
2016-08-02,185.6427459716797,92295500,0.0029228318953291588,186.62459869384764,181.59778930664064,53.90304946321543,-0.1992351244689281,78849180.0
2016-08-03,186.1853485107422,53993600,0.0010637737266412373,186.54622344970704,181.80503479003906,50.39993385618445,-0.24886425507753596,72831120.0
2016-08-04,186.38340759277344,46585500,0.008178996944941508,186.5582748413086,181.9706591796875,53.89753579150911,-0.2707209907258863,69141080.0
2016-08-05,187.9078369140625,71892200,-0.0005955470555256692,186.63923187255858,182.14261138916015,60.25501793255225,-0.1887618831288096,67615640.0
2016-08-08,187.79592895507812,39906500,0.0005959019431733825,186.7598114013672,182.3112973022461,60.88991419514381,-0.15002644401439857,60934660.0
2016-08-09,187.9078369140625,51251700,-0.002474679099692678,186.88296356201172,182.46679931640625,57.013961569770224,-0.1257879890258422,52725900.0
2016-08-10,187.4428253173828,57941100,0.004640493809432211,186.97942810058595,182.61985565185546,59.14574433358406,-0.1484375446787034,53515400.0
2016-08-11,188.31265258789062,72504300,-0.000869036203602569,187.14134063720704,182.78293975830078,59.362794462274,-0.11376365262888455,58699160.0
2016-08-12,188.1490020751953,61313500,0.002883735844995572,187.25674591064453,182.93178375244142,62.692949934896475,-0.11067304417097867,56583420.0
2016-08-15,188.6915740966797,49813500,-0.005157652486949993,187.4419158935547,183.10227416992188,65.27387786633852,-0.08221852227971937,58564820.0
2016-08-16,187.71836853027344,53213600,0.0018810286945274424,187.64947814941405,183.23496520996093,58.41131263958141,-0.13590401576847344,58957200.0
2016-08-17,188.07147216796875,75134300,0.00224413676674895,187.8380905151367,183.36906311035156,59.17418610274114,-0.15330728965301366,62395840.0
2016-08-18,188.4935302734375,52989300,-0.0014623845392156554,188.04910278320312,183.4997787475586,59.81962705594161,-0.14230733145138807,58492840.0
2016-08-19,188.21788024902344,75443000,-4.5561237018376666e-05,188.08010711669922,183.6299496459961,58.889083560869885,-0.15828316930720554,61318740.0
2016-08-22,188.2093048095703,61368800,0.0020133795614489802,188.12144470214844,183.7943930053711,69.55455213400172,-0.1729245982670664,63629800.0
2016-08-23,188.58824157714844,53399200,-0.005114683098639938,188.18948516845703,183.9941763305664,68.77584307441376,-0.1608378637907495,63666920.0
2016-08-24,187.62367248535156,71728900,-0.000688673364451553,188.20756988525392,184.18169311523437,58.65453414879299,-0.21800486412181752,62985840.0
2016-08-25,187.4944610595703,69224800,-0.0018835191827363262,188.12575073242186,184.3715963745117,46.41800319974613,-0.2617745232604942,66232940.0
2016-08-26,187.1413116455078,122506300,0.004924296503736381,188.0249816894531,184.54381164550782,44.55522698716891,-0.30854707279354066,75645600.0
2016-08-29,188.06285095214844,70502200,-0.001648372110835572,187.962109375,184.74775482177733,51.136289916671316,-0.2726989840740741,77472280.0
2016-08-30,187.7528533935547,58114500,-0.002843983752054413,187.96555786132814,184.92258911132814,52.32542701881126,-0.2649173654710625,78415340.0
2016-08-31,187.21888732910156,85269500,4.580435006040773e-05,187.88029937744142,185.07658111572266,41.36071639488496,-0.28882453845433154,81123460.0
2016-09-01,187.2274627685547,97844200,0.004507935892168691,187.75369262695312,185.23660247802735,42.538276022258906,-0.2960583577277104,86847340.0
2016-09-02,188.07147216796875,79293900,0.0030225260704435097,187.73905181884766,185.36682373046875,45.21271207005822,-0.23847221267029217,78204860.0
2016-09-06,188.63992309570312,56702100,-9.132304852998985e-05,187.78211364746093,185.63880645751954,57.58881788093616,-0.16031890211933475,75444840.0
2016-09-07,188.62269592285156,76554900,-0.0022830420422895736,187.78555908203126,185.97314361572265,54.805019299883746,-0.11038262529199783,79132920.0
2016-09-08,188.1920623779297,74102900,-0.023934525520428185,187.84239807128907,186.23685791015626,47.37602630747122,-0.10688102523660681,76899600.0
2016-09-09,183.68777465820312,221589100,0.01434712375527103,187.46172943115235,186.350888671875,27.288444443764448,-0.3923948298145119,101648580.0
2016-09-12,186.3231658935547,168110900,-0.014375546387953353,187.37991485595703,186.46905242919922,42.51528913109295,-0.3875588069208946,119411980.0
2016-09-13,183.64466857910156,182828800,-0.0003752283795626088,186.93809661865234,186.5260675048828,33.41027841557309,-0.5392272776101561,144637320.0
2016-09-14,183.5757598876953,134185500,0.009992834237995796,186.5203872680664,186.60771392822267,35.54713889094704,-0.6132721635393328,156163440.0
2016-09-15,185.4102020263672,134427900,-0.003865347196944313,186.33951873779296,186.70451782226561,43.366067352429795,-0.5119173603719653,168228440.0
2016-09-16,184.6935272216797,155236400,0.00018745752979887342,186.08612518310548,186.78922760009766,42.38522633846434,-0.46757817663471835,154957900.0
2016-09-19,184.7281494140625,80250500,4.675234736439826e-05,185.75179290771484,186.82088745117187,39.02024599857919,-0.412287887426613,137385820.0
2016-09-20,184.73678588867188,69665300,0.011245726613974938,185.36147918701172,186.8398016357422,39.868308150316935,-0.3537507260988702,114753120.0
2016-09-21,186.8142852783203,110284400,0.006301201962483072,185.1806381225586,186.8735678100586,48.76854886050365,-0.16341083549582758,109972900.0
2016-09-22,187.99143981933594,76678700,-0.005479291054119484,185.16057586669922,186.93139251708985,52.170828997571974,0.042477062265308785,98423060.0
2016-09-23,186.9613800048828,73630900,-0.008102213544589065,185.4879364013672,186.94794647216796,46.878692423929095,0.10636108835597291,82101960.0
2016-09-26,185.4465789794922,89827300,0.006207878650194676,185.40027770996093,186.9391995239258,41.47479291811314,0.04671346247159108,84017320.0
2016-09-27,186.59780883789062,78494800,0.004963825778236064,185.69559173583986,186.94348754882813,44.90282554536998,0.08279881068588452,85783220.0
2016-09-28,187.5240478515625,87411000,-0.00904742360517563,186.09042053222657,186.97008850097657,48.35936744637842,0.16244897349888382,81208540.0
2016-09-29,185.8274383544922,128070600,0.007546237445073878,186.13214416503905,186.94725524902344,56.095641914890095,0.09747500638751577,91486920.0
2016-09-30,187.229736328125,117202900,-0.0024041000504633203,186.3857650756836,186.96659210205078,52.777879081162716,0.14280234910558262,100201320.0
2016-10-03,186.7796173095703,83512100,-0.0050978740014225865,186.59091186523438,186.96021911621094,61.125286455061755,0.13634588143097753,98938280.0
2016-10-04,185.8274383544922,119948100,0.00442554502496928,186.6999771118164,186.94496520996094,57.51934792844171,0.06541973123654052,107228940.0
2016-10-05,186.6498260498047,72816000,0.0006953730550542936,186.68353118896485,186.94443542480468,54.43975184607111,0.07090289213324075,104309940.0
2016-10-06,186.7796173095703,62927400,-0.003429680880864816,186.56234893798828,186.95046417236327,57.799268415684104,0.07962900405444229,91281300.0
2016-10-07,186.13902282714844,89788300,0.00520846013876608,186.48011322021483,186.93937408447266,55.046186994292526,0.04058458873288622,85798380.0
2016-10-10,187.1085205078125,51855000,-0.01262939614155334,186.64630737304688,186.9416455078125,57.93728769591212,0.07630512506557552,79466960.0
2016-10-11,184.74545288085938,130367400,0.0013117512994862413,186.46107177734376,186.89975708007813,43.20626384848269,-0.055836092149455216,81550820.0
2016-10-12,184.98779296875,73866100,-0.0032753296115928254,186.2074462890625,186.88665802001952,39.491281661433135,-0.11986444810392512,81760840.0
2016-10-13,184.38189697265625,101357000,0.000516482930822626,186.0628921508789,186.8505889892578,40.69923667818013,-0.19170375988705915,89446760.0
2016-10-14,184.4771270751953,93346200,-0.0034724045944823922,185.78763122558593,186.81246337890624,46.10583040558597,-0.21949173072492598,90158340.0
2016-10-17,183.8365478515625,58275700,0.006262329937336775,185.49332427978516,186.73103759765624,38.43385845694446,-0.26466984928446236,91442480.0
2016-10-18,184.98779296875,76869700,0.0026673298491506348,185.40935974121095,186.67487487792968,39.57289363869728,-0.20342618437811344,80742940.0
2016-10-19,185.48121643066406,66519200,-0.0018666967430991388,185.29249877929686,186.62634246826173,48.42032565379999,-0.12020689326775225,79273560.0
2016-10-20,185.13497924804688,73639800,0.00046732029968499234,185.12803497314454,186.580185546875,39.42318360000986,-0.08088740305322761,73730120.0
2016-10-21,185.22149658203125,89089100,0.00425301738014916,185.03628234863282,186.51836242675782,41.832880906410814,-0.043342909199716007,72878700.0
2016-10-24,186.00924682617188,60146600,-0.0033504502185425222,184.92635498046874,186.47556732177733,50.96969095220965,0.035970740290639125,73252880.0
2016-10-25,185.3860321044922,66542300,-0.002008155260246558,184.99041290283202,186.4094564819336,43.11312816180457,0.04718026232480016,71187400.0
2016-10-26,185.0137481689453,75705500,-0.0026666257596559273,184.99300842285157,186.35536407470704,40.62490886408192,0.031022098187269698,73024660.0
2016-10-27,184.5203857421875,77220200,-0.0029554125421492605,185.0068572998047,186.2843423461914,41.2700946900805,-0.00924021586290158,73740740.0
2016-10-28,183.9750518798828,140623200,4.702666644207376e-05,184.95664978027344,186.1939727783203,32.289745982410054,-0.06579556235125111,84047560.0
2016-10-31,183.98370361328125,61272500,-0.007245332304490204,184.97136535644532,186.10928924560548,44.133228663294666,-0.09409431330514878,84272740.0
2016-11-01,182.6506805419922,122781800,-0.006018615402673011,184.73765411376954,185.9981167602539,34.58927885089436,-0.18860700197754993,95520640.0
2016-11-02,181.55137634277344,103330800,-0.004576929642261196,184.34467010498048,185.85737945556642,32.47606649800956,-0.3043215268053743,101045700.0
2016-11-03,180.72042846679688,88939300,-0.0011018521755121746,183.90321502685546,185.7193145751953,28.683884708958516,-0.4094395212494134,103389520.0
2016-11-04,180.52130126953125,109122100,0.022057041019914125,183.43319549560547,185.57985137939454,30.19665891308945,-0.4611508416127571,97089300.0
2016-11-07,184.50306701660156,109794900,0.004504038467057159,183.28257751464844,185.52708648681642,47.836227037115236,-0.20881122403064345,106793780.0
2016-11-08,185.33407592773438,106772100,0.010601797093936938,183.27738189697266,185.47251098632813,49.36239485102269,0.020275553775749966,103591840.0
2016-11-09,187.2989501953125,258429000,0.0024957587986598195,183.5059020996094,185.46343292236327,58.223545347850084,0.2950932206962332,134611480.0
2016-11-10,187.7664031982422,172113300,-0.0023049932554324304,183.83050384521485,185.4743832397461,59.39905301087764,0.487933222742324,151246280.0
2016-11-11,187.33360290527344,100552700,0.000785364941787936,184.1663589477539,185.47650604248048,55.022911648654876,0.5607180603544264,149532400.0
2016-11-14,187.48072814941406,94580000,0.007802803950308412,184.51606140136718,185.46469116210938,58.24225176219124,0.5901706483808606,146489420.0
2016-11-15,188.943603515625,91652600,-0.0018784411167663828,185.14535369873047,185.4707647705078,64.24102813071265,0.6735424491910961,143465520.0
2016-11-16,188.58868408203125,65617700,0.005140805162214157,185.84908447265624,185.47008453369142,64.892143391758,0.6687967235129177,104903260.0
2016-11-17,189.5581817626953,69797200,-0.002237402986504322,186.73285980224608,185.49740692138673,69.82170562793075,0.6920663012694874,84440040.0
2016-11-18,189.13406372070312,86265800,0.00755153855276558,187.5941360473633,185.6063327026367,67.76128293531019,0.6411608399844533,81582660.0
2016-11-21,190.56231689453125,72402600,0.0019529667318243238,188.20006103515624,185.69111572265626,77.10565358722006,0.6631851179042104,77147180.0
2016-11-22,190.93447875976562,67429000,0.0005444701792891582,188.76010131835938,185.83691192626952,83.83266412333857,0.6608569813069074,72302460.0
2016-11-23,191.03843688964844,56620200,0.003714807512363416,189.13404998779296,185.9861654663086,89.26201228837621,0.6247649052871456,70502960.0
2016-11-25,191.74810791015625,37872300,-0.004694580884077926,189.53222045898437,186.11292358398438,91.12238122598083,0.6066334684456891,64117980.0
2016-11-28,190.84793090820312,76572500,0.0019505237295331934,189.88365325927734,186.23601165771484,80.01668969440246,0.4965905118869125,62179320.0
2016-11-29,191.22018432617188,69886700,-0.0023994147371895203,190.25759887695312,186.36585235595703,79.10993120809927,0.4147795355549915,61676140.0
2016-11-30,190.76136779785156,113291800,-0.0036751692984743345,190.4393753051758,186.4863439941406,70.1207887535757,0.3009701751464431,70848700.0
2016-12-01,190.06028747558594,79040500,0.0005005703772646974,190.58653564453124,186.55126403808595,62.97782412619046,0.15692424097765945,75332760.0
2016-12-02,190.15542602539062,74840300,0.006008894540903809,190.6462600708008,186.59454376220702,66.59887013763353,0.05193290026485342,82726360.0
2016-12-05,191.2980499267578,67837800,0.003167527179147589,190.86265869140624,186.68127716064453,70.10059456853608,0.04365374412245271,80979420.0
2016-12-06,191.90399169921875,59877400,0.01308078005060187,190.996826171875,186.81042541503905,67.13463100999752,0.06207662329548014,78977560.0
2016-12-07,194.41424560546875,110738100,0.0024488404954912113,191.3448028564453,186.9667541503906,76.98532072740433,0.21765732950794758,78466820.0
2016-12-08,194.8903350830078,99714400,0.006040165097480621,191.72999267578126,187.11407989501953,75.88288971581616,0.32073840007269916,82601600.0
2016-12-09,196.0675048828125,88005800,-0.001147595077777508,192.16193237304688,187.31888122558593,81.3628507691798,0.4295203166710395,85234700.0
2016-12-12,195.84249877929688,102016100,0.006673765112701124,192.66138916015626,187.49113647460936,76.80202369445064,0.4457103312017985,92070360.0
2016-12-13,197.14950561523438,110477500,-0.008254317400635758,193.2543212890625,187.69853424072267,78.81279197756706,0.4997704507369378,102190380.0
2016-12-14,195.5221710205078,142501800,0.004117064641777857,193.73040161132812,187.89242889404298,68.21388104441309,0.3863310047281103,108543120.0
2016-12-15,196.3271484375,124972600,-0.0019556217947761523,194.35708770751953,188.08597534179688,68.45811292901956,0.32819670300876025,113594760.0
2016-12-16,195.94320678710938,156420200,0.0021774996273751235,194.9358657836914,188.26924713134767,71.43099190314581,0.2311520264276874,127277640.0
2016-12-19,196.369873046875,90341100,0.0038577090774818412,195.44304809570312,188.4738641357422,71.56116396680952,0.16601058388042178,124942640.0
2016-12-20,197.12741088867188,89838800,-0.0027828904255472464,195.96539001464845,188.67424194335936,76.00344547756139,0.1450173721044168,120814900.0
2016-12-21,196.57882690429688,67909000,-0.0017273164071384128,196.18184814453124,188.91090942382812,76.96224645520104,0.06911174740081139,105896340.0
2016-12-22,196.23927307128906,56219100,0.0014642240176436783,196.31674194335938,189.1359390258789,74.66553663229135,-0.0240505193449847,92145640.0
2016-12-23,196.526611328125,36697800,0.0024810614765962136,196.36265258789064,189.3788333129883,72.77763522972468,-0.08308359040187474,68201160.0
2016-12-27,197.0142059326172,42672500,-0.008264633072333938,196.47982330322264,189.62957489013672,72.49401217312106,-0.10466127508033596,58667440.0
2016-12-28,195.38595581054688,64095000,-0.00022272873311557362,196.3034683227539,189.8605630493164,54.637326979540475,-0.23642123455534003,53518680.0
2016-12-29,195.34243774414062,48696100,-0.003654908521053213,196.28549499511718,190.06765594482422,52.250503209145116,-0.328661485102705,49676100.0
2016-12-30,194.62847900390625,108998300,0.007649994841308239,196.11562805175782,190.25060119628907,42.49042072372507,-0.43333303289081604,60231940.0
2017-01-03,196.1173858642578,91366500,0.0059491553129995545,196.13304595947267,190.47024932861328,51.267325033169236,-0.39873983148869585,71165680.0
2017-01-04,197.28411865234375,78744400,-0.0007943252844798687,196.22447052001954,190.71150177001954,50.62874524628113,-0.2983232039826236,78380060.0
2017-01-05,197.12741088867188,78379000,0.003577692352825901,196.22447052001954,190.93386505126952,58.69175464368276,-0.24569267903903325,81236860.0
2017-01-06,197.83267211914062,71559900,-0.0033012314076754645,196.3498550415039,191.1827978515625,58.24081838561277,-0.1702037056929231,85809620.0
2017-01-09,197.17958068847656,46939700,0.0,196.44388580322266,191.42611450195312,56.57386808939428,-0.17064372125234661,73397900.0
2017-01-10,197.17958068847656,63771900,0.002826418484981108,196.50918273925782,191.6792984008789,54.50988324361444,-0.1765837888033388,67878980.0
2017-01-11,197.7368927001953,74650000,-0.002509938162118086,196.58145141601562,191.95453521728516,53.4721147711132,-0.1496909734531393,67060100.0
2017-01-12,197.24058532714844,72113200,0.002295619361956547,196.76691436767578,192.2196728515625,53.79251483548483,-0.17052726067888058,65806940.0
2017-01-13,197.69337463378906,62717900,-0.003523532241697769,197.00200805664062,192.52052673339844,58.226632964543704,-0.15922915317019015,64038540.0
2017-01-17,196.99679565429688,61240800,0.002209771949428063,197.23883972167968,192.8294351196289,52.542358897183554,-0.2013691784917364,66898760.0
2017-01-18,197.43211364746094,54793300,-0.003704330294875713,197.3703125,193.16366882324218,52.272538691572656,-0.20210015887441135,65103040.0
2017-01-19,196.7007598876953,66608800,0.0036738864171779184,197.31197662353514,193.48725799560546,57.92257179477278,-0.25083207148762443,63494800.0
2017-01-20,197.4234161376953,129168600,-0.0026021883331101003,197.3415771484375,193.74566497802735,61.590644467674636,-0.23373221208576278,74905880.0
2017-01-23,196.90968322753906,75061600,0.006411863361434955,197.24927825927733,193.97717712402343,62.99572491320305,-0.25463742102438736,77374620.0
2017-01-24,198.1722412109375,95555300,0.008655455403907997,197.34854431152343,194.19464294433592,62.01613608418889,-0.184328479643878,84237520.0
2017-01-25,199.88751220703125,84437700,-0.001045509910511777,197.6193374633789,194.43706512451172,64.30602976985048,-0.031222778101230197,90166400.0
2017-01-26,199.67852783203125,59970700,-0.001569676967953515,197.8135009765625,194.68396362304688,63.93867948123668,0.04302195545638554,88838780.0
2017-01-27,199.36509704589844,59711100,-0.006201709513178555,198.0259521484375,194.92165100097657,58.7473325726629,0.057182548763549335,74947280.0
2017-01-30,198.12869262695312,79737300,-8.787358403006262e-05,198.0694839477539,195.10535278320313,55.07943222333464,-0.02609110632234901,75882420.0
2017-01-31,198.1112823486328,75880800,0.0003955043897907462,198.1809326171875,195.29580474853515,54.97698166358017,-0.08821649291205191,71947520.0
2017-02-01,198.18963623046875,79117700,0.0006591186887903167,198.25668487548828,195.46843383789061,52.54890169835148,-0.12751733088565387,70883520.0
2017-02-02,198.3202667236328,69657600,0.006892836311314321,198.41863555908202,195.65215789794922,56.33952729944273,-0.14682516010510782,72820900.0
2017-02-03,199.687255859375,80563200,-0.0017877687154840283,198.64501953125,195.8346566772461,60.57237820457844,-0.07335344600434035,76991320.0
2017-02-06,199.33026123046875,57790100,4.393986576745057e-05,198.88707733154297,196.00257232666016,62.835220100448524,-0.05543424922647677,72601880.0
2017-02-07,199.33901977539062,57931200,0.0013103302678330042,199.00375518798828,196.168583984375,61.005366581362615,-0.04980578902587707,69011960.0
2017-02-08,199.6002197265625,51566200,0.005932497515480417,198.97502593994142,196.32562622070313,67.6939293542734,-0.03595223931948399,63501660.0
2017-02-09,200.7843475341797,65955200,0.00394608758999726,199.08560791015626,196.52435455322265,69.41647096988032,0.04131145327154473,62761180.0
2017-02-10,201.57666015625,66015900,0.005442704485392191,199.3067642211914,196.7314840698242,76.12086885377506,0.12917021757790326,59851720.0
2017-02-13,202.6737823486328,55182100,0.0039949771235365805,199.7612731933594,196.96973236083986,75.67031372091769,0.23822189560242646,59330120.0
2017-02-14,203.48345947265625,71109000,0.0052207297638511285,200.29849090576172,197.23819580078126,72.86801094571777,0.3359531835831071,61965680.0
2017-02-15,204.54579162597656,86785800,-0.0008514661532506018,200.9341064453125,197.52600311279298,77.92225071998179,0.43682398324723914,69009600.0
2017-02-16,204.3716278076172,84722400,0.0015764129087865175,201.53924255371095,197.78747467041015,79.18757161055245,0.4544688595618156,72763040.0
2017-02-17,204.6938018798828,77204100,0.005955282418025565,202.0398971557617,198.04327087402345,92.84062825473511,0.4496636640851659,75000680.0
2017-02-21,205.91281127929688,88946100,-0.0008880522148617676,202.69815216064453,198.2732421875,94.00758476917754,0.4872481557867112,81753480.0
2017-02-22,205.72994995117188,62115200,0.0006771631654685084,203.33724517822264,198.4900344848633,92.0384517226712,0.45885678911331107,79954720.0
2017-02-23,205.8692626953125,74615900,0.0012687661467873923,203.96414947509766,198.68606964111328,92.04615183259422,0.4101159241258401,77520740.0
2017-02-24,206.13046264648438,82381600,0.0015629619617074653,204.49876098632814,198.89182891845704,90.92875835998836,0.35801928416646556,77052580.0
2017-02-27,206.45263671875,56515400,-0.0026990971228550986,204.98635864257812,199.07789154052733,95.444030780734,0.3096255290122869,72914840.0
2017-02-28,205.89540100097656,96961900,0.013997342880800678,205.3085205078125,199.2853561401367,89.09634530939213,0.20926197337911967,74518000.0
2017-03-01,208.7773895263672,149158200,-0.006297270917055342,205.8379135131836,199.53436096191408,91.69283582130939,0.30059228323441856,91926600.0
2017-03-02,207.46266174316406,70246000,0.0006292901003090989,206.12960052490234,199.76475006103516,79.98446209243822,0.23877516735481885,91052620.0
2017-03-03,207.5932159423828,81974300,-0.0029776191968308163,206.4517593383789,199.98921691894532,78.71992354969488,0.17589907011581696,90971160.0
2017-03-06,206.97508239746094,55391500,-0.0029870279517902887,206.6798873901367,200.18617034912108,71.51608687953006,0.06747488047025074,90746380.0
2017-03-07,206.35684204101562,65103700,-0.0018567263850801652,206.7242904663086,200.38173065185546,64.65397293789162,-0.06397480126211663,84374740.0
2017-03-08,205.97369384765625,78168800,0.001268419192022474,206.74866485595703,200.5764190673828,57.824187180503365,-0.1878167616870403,70176860.0
2017-03-09,206.23495483398438,90683900,0.003504191460462547,206.7852340698242,200.7705859375,60.113562766783886,-0.2588455887962553,74264440.0
2017-03-10,206.9576416015625,81991700,0.000504970222313661,206.86795196533203,200.9694546508789,61.7754580795502,-0.26301164177642145,74267920.0
2017-03-13,207.06214904785156,57256800,-0.003826743134224153,206.92890319824218,201.202978515625,56.76237639762482,-0.26390231527005215,74640980.0
2017-03-14,206.269775390625,59880800,0.008653437584701384,206.96634063720703,201.4215252685547,52.96361698990738,-0.3193287237700082,73596400.0
2017-03-15,208.05471801757812,96081800,-0.0019669860244249104,206.89407348632812,201.6900500488281,60.1619082756272,-0.24082541158718018,77179000.0
2017-03-16,207.64547729492188,78344000,-0.0017562135451028027,206.9123550415039,201.92061187744142,56.94883416244181,-0.22197158400816686,74711020.0
2017-03-17,207.2808074951172,89002100,-0.0010968500160662975,206.88111419677733,202.12054565429688,53.783775116528425,-0.23814291626162643,76113100.0
2017-03-20,207.05345153808594,52537000,-0.012839498712365338,206.88895111083986,202.31906646728515,55.45538450922098,-0.2661137876563002,75169140.0
2017-03-21,204.39498901367188,131809300,0.0023532257378187094,206.69276580810546,202.45031280517577,28.911106574891434,-0.4545551167621782,89554840.0
2017-03-22,204.8759765625,97569200,-0.0010670488290839275,206.58299407958984,202.60424072265624,36.46644813419788,-0.532309421671197,89852320.0
2017-03-23,204.65736389160156,100410300,-0.0007264159911425372,206.42523498535155,202.75379638671876,34.77985033303274,-0.5800448458135263,94265580.0
2017-03-24,204.50869750976562,112504900,-0.0010263617386430113,206.1803405761719,202.88923248291016,36.55943841956551,-0.6006767989457626,98966140.0
2017-03-27,204.29879760742188,87454500,0.007276834601968929,205.9040054321289,203.03039672851563,38.26230284296013,-0.6057779767513976,105949640.0
2017-03-28,205.7854461669922,93483900,0.0009345742418911396,205.85557250976564,203.19223815917968,49.04639482052558,-0.4912269033555048,98284560.0
2017-03-29,205.97776794433594,61950400,0.0031841714609253113,205.64787750244142,203.37185760498048,48.68800625211141,-0.3891663794904343,91160800.0
2017-03-30,206.63363647460938,56737900,-0.002327288065478328,205.54669342041015,203.55588806152343,48.33579951219818,-0.26981541165585077,82426320.0
2017-03-31,206.15274047851562,73733100,-0.001739249376740637,205.43388671875,203.74492767333984,45.50285151162562,-0.21781439594705798,74671960.0
2017-04-03,205.794189453125,85546500,0.0006374320378963461,205.3079605102539,203.91234313964844,47.542730999684636,-0.20244879133855354,74290360.0
2017-04-04,205.9253692626953,56466200,-0.0029725408978161783,205.46099853515625,204.09265686035155,36.730319748810906,-0.17913614351261864,66886820.0
2017-04-05,205.31324768066406,108800600,0.00281098850283934,205.50472564697264,204.2354769897461,35.824453038776525,-0.19909200129698962,76256860.0
2017-04-06,205.890380859375,69135800,-0.001019325836834395,205.62802734375,204.35553436279298,41.76161174890017,-0.16877236964936643,78736440.0
2017-04-07,205.68051147460938,74412300,0.0005951269032822282,205.74520874023438,204.47557403564454,41.848329295714926,-0.15837043906567955,78872280.0
2017-04-10,205.80291748046875,67615300,-0.0011897683039852058,205.89562072753907,204.60433044433594,61.9616790686821,-0.13943182658896525,75286040.0
2017-04-11,205.5580596923828,88045300,-0.00438170997590237,205.8728820800781,204.75291778564454,56.03716759180477,-0.13925550464274816,81601860.0
2017-04-12,204.65736389160156,81864400,-0.0064950968970936,205.7408416748047,204.88383941650392,50.0,-0.19238492435232557,76214620.0
2017-04-13,203.32809448242188,92880400,0.008859981493863911,205.41028747558593,204.98660858154298,42.14159191367654,-0.3030523005583977,80963540.0
2017-04-17,205.12957763671875,68405400,-0.002984370290430083,205.30797119140624,205.1227947998047,54.56306969228655,-0.24349395438469434,79762160.0
2017-04-18,204.51739501953125,83225800,-0.0018385090424324346,205.18029174804687,205.2193975830078,42.29507588751773,-0.233843108962564,82884260.0
2017-04-19,204.14138793945312,68699900,0.00813911161174441,205.00189361572265,205.3156201171875,39.085436305033525,-0.24037408463071044,79015180.0
2017-04-20,205.80291748046875,92572200,-0.0031868767377201124,205.0508605957031,205.44489807128906,45.58981254961683,-0.1261264594651336,81156740.0
2017-04-21,205.1470489501953,110389800,0.010998015027241292,204.97652740478514,205.5558346557617,44.75828578790737,-0.08976965979509821,84658620.0
2017-04-24,207.40325927734375,119209900,0.0058186277899823224,205.1488021850586,205.688212890625,57.00154834528897,0.08190746868163848,94819520.0
2017-04-25,208.6100616455078,76698300,-0.0006288278165279548,205.4295166015625,205.82888092041014,60.68199535185307,0.26224371088285625,93514020.0
2017-04-26,208.4788818359375,84702500,0.0008389890500328789,205.72159881591796,205.94498291015626,63.096832841982994,0.3525691907277291,96714540.0
2017-04-27,208.65379333496094,57410300,-0.0021794112839856883,206.1212417602539,206.04838958740234,61.82636236000915,0.4004731133429412,89682160.0
2017-04-28,208.1990509033203,63532800,0.0025200569341581325,206.60833740234375,206.12145477294922,60.55712829224674,0.37818102084647837,80310760.0
2017-05-01,208.72372436523438,66882500,0.0003771497131570545,206.9677520751953,206.20849670410155,61.843912652861206,0.3747020975133142,69845280.0
2017-05-02,208.8024444580078,57375700,-0.0012145503127467538,207.39625701904296,206.29066955566407,63.33570831838514,0.3538835509849436,65980760.0
2017-05-03,208.54884338378906,73137700,0.0011741028341996085,207.83700256347657,206.3433901977539,66.89423548271705,0.3012736744616269,63667800.0
2017-05-04,208.793701171875,61462700,0.003936930189811116,208.13608093261718,206.40466522216798,76.19441819920962,0.26261932131495813,64478280.0
2017-05-05,209.61570739746094,62001300,-0.00016691689642311935,208.58294677734375,206.47959411621093,73.7278683391146,0.27097204732410796,64171980.0
2017-05-08,209.58071899414062,48385700,-0.0009180141771268913,208.80069274902343,206.54859924316406,78.5222381142299,0.2530410409411161,60472620.0
2017-05-09,209.38832092285156,51363200,0.0017961048274608427,208.8785186767578,206.60731292724608,80.18084122238977,0.20895362429008846,59270120.0
2017-05-10,209.764404296875,54293800,-0.0020428278795849852,209.00707092285157,206.68469299316405,76.7413499015302,0.18658592183563705,55501340.0
2017-05-11,209.3358917236328,62358300,-0.001671108547925071,209.07528076171874,206.69586303710938,79.1714839499456,0.12723156665230761,55680460.0
2017-05-12,208.98606872558594,53912700,0.00552339273535396,209.15398254394532,206.7263311767578,65.00776929954773,0.05253794584529747,54062740.0
2017-05-15,210.140380859375,61918900,-0.0009154966394999686,209.29564819335937,206.77727447509767,64.65595599603684,0.06801617911832736,56769380.0
2017-05-16,209.947998046875,51241800,-0.0177440441096951,209.4102035522461,206.83673278808592,63.90678352909909,0.05310304106714914,56745100.0
2017-05-17,206.22267150878906,172174100,0.00402855817558101,209.1775863647461,206.8340493774414,36.2375225018226,-0.20566229595030805,80321160.0
2017-05-18,207.05345153808594,107047700,0.006504240590355259,209.0035614013672,206.85564453125,43.77964028991559,-0.31247573731339173,89259040.0
2017-05-19,208.40017700195312,115011400,0.005077350426286653,208.88200836181642,206.89894897460937,48.38718510405257,-0.28481070947631226,101478780.0
2017-05-22,209.4582977294922,61010600,0.0022125642499242204,208.86976623535156,206.94896209716796,52.97846568340757,-0.19207636771993308,101297120.0
2017-05-23,209.92173767089844,48341700,0.0023330663988065936,208.92310791015626,207.00615386962892,56.11819969590561,-0.10093248562530899,100717100.0
2017-05-24,210.4114990234375,46927700,0.004779641478664054,208.9878173828125,207.08898834228515,57.055585427791115,-0.013653569223710305,75667820.0
2017-05-25,211.4171905517578,64071700,-0.0002069223800014175,209.195947265625,207.15623779296874,57.73278524887802,0.09958413429650015,67072620.0
2017-05-26,211.37344360351562,46629900,-0.0008688640447224172,209.43468475341797,207.23079711914062,57.689407822399076,0.1559565108619443,53396320.0
2017-05-30,211.18978881835938,35201900,-0.0002484730719204409,209.5396255493164,207.30897674560546,57.732709621725284,0.16444762128946,48234580.0
2017-05-31,211.13731384277344,91796000,0.007952464010690052,209.65855712890624,207.39065399169922,56.061543104830506,0.15047934327002832,56925440.0
2017-06-01,212.81637573242188,68962000,0.003328282355357093,210.31792755126952,207.55908172607423,63.83857013717412,0.23332586058926952,61332300.0
2017-06-02,213.52468872070312,88666100,-0.0007371251077460395,210.96505126953124,207.73205596923827,67.54558893100636,0.3100283408052018,66251180.0
2017-06-05,213.36729431152344,44698800,-0.0031970418298650216,211.46176300048828,207.90625457763673,63.51657622763792,0.3229049458802009,65864960.0
2017-06-06,212.68515014648438,50375400,0.0018506250370375898,211.7844482421875,208.0697836303711,61.013246692010725,0.2608774468174522,68899660.0
2017-06-07,213.07875061035156,54144300,0.0004922542286134313,212.10014953613282,208.2453826904297,87.69184825281356,0.22321000702110538,61369320.0
2017-06-08,213.1836395263672,65950700,-0.0015177647909059289,212.3773635864258,208.39334655761718,86.62429440336061,0.18385193261895827,60767060.0
2017-06-09,212.86007690429688,132256400,-0.0002053046889325394,212.5216522216797,208.53099273681642,80.35657162798233,0.11773560453162402,69485120.0
2017-06-12,212.81637573242188,86108100,0.004889821808552242,212.66594543457032,208.65464752197266,76.51908602992744,0.05590540928422416,77766980.0
2017-06-13,213.8570098876953,60067000,-0.00126782574484674,212.93266754150392,208.80873291015624,78.48084211642268,0.06907524770641849,79705300.0
2017-06-14,213.58587646484375,78602300,-0.0019239776292503397,213.17752380371093,208.96456665039062,73.72478537346386,0.044691890778741694,84596900.0
2017-06-15,213.17494201660156,66464900,0.0002183150899461861,213.2133804321289,209.10955810546875,64.41903779621387,-0.010974502305300948,84699740.0
2017-06-16,213.2214813232422,84553100,0.008325149497093953,213.1830596923828,209.26772277832032,65.15272457030184,-0.0541104526840277,75159080.0
2017-06-19,214.99658203125,65123800,-0.006744066152941208,213.34598846435546,209.44984680175781,74.75324345455195,0.02330477253526686,70962220.0
2017-06-20,213.546630859375,56906400,-0.00024708838704590175,213.43213653564453,209.60716918945312,63.25700266824287,-0.033647487829115974,70330100.0
2017-06-21,213.49386596679688,55977600,-0.0004526308552014191,213.47364807128906,209.76098815917967,54.540415836643206,-0.08259129973535129,65805160.0
2017-06-22,213.39723205566406,44148100,0.0011941194123703536,213.49500732421876,209.9177716064453,49.06952133762574,-0.12656123180106205,61341800.0
2017-06-23,213.6520538330078,66986800,0.000658196340625361,213.57420501708984,210.09766540527343,52.04968807661893,-0.14239111622501888,57828540.0
2017-06-26,213.7926788330078,56700500,-0.008056102878878257,213.67183532714844,210.30695709228516,58.64595915197343,-0.14671676864027616,56143880.0
2017-06-27,212.07034301757812,82247700,0.008950124771176071,213.49316864013673,210.44577239990235,43.480371169087924,-0.26216044329015764,61212140.0
2017-06-28,213.96839904785156,70042600,-0.008788791662735496,213.5314208984375,210.63479248046875,54.118696624318495,-0.20955652699895033,64025140.0
2017-06-29,212.08787536621094,106949700,0.0018645421227447834,213.42271423339844,210.79372222900392,46.51651672322529,-0.29504372859374683,76585460.0
2017-06-30,212.4833221435547,86820700,0.0016956897251887426,213.3488983154297,210.92733032226562,48.543773525993515,-0.31668280529242443,80552240.0
2017-07-03,212.8436279296875,39153800,0.0023118635707997104,213.13360290527345,211.08126190185547,45.28886246880546,-0.29868958988422023,77042900.0
2017-07-05,213.335693359375,54427600,-0.009144371915136174,213.11250915527344,211.1999105834961,48.860328361113815,-0.24770948904145007,71478880.0
2017-07-06,211.38487243652344,65400800,0.006485088519220472,212.9016098022461,211.2554067993164,42.84887009782407,-0.33406102855635333,70550520.0
2017-07-07,212.75572204589844,57972300,0.0010740033876111,212.83745880126952,211.34094360351563,48.317380308212,-0.2892200433045825,60755040.0
2017-07-10,212.98422241210938,36663300,-0.0007426494114470827,212.7706756591797,211.4275521850586,41.81548505610168,-0.2367436326744049,50723560.0
2017-07-11,212.8260498046875,50354600,0.007514607355098013,212.67401275634765,211.52009216308593,46.72520394662022,-0.20636936470978134,52963720.0
2017-07-12,214.42535400390625,59610400,0.0016801185262778073,212.90951385498047,211.63412475585938,53.711562594239126,-0.07881213935606463,54000280.0
2017-07-13,214.78561401367188,39471600,0.00466433033370528,212.9912353515625,211.75378814697265,55.41825015810103,0.024077443680888322,48814440.0
2017-07-14,215.78744506835938,60262700,-0.00012226126631553758,213.36119232177734,211.89856018066405,57.8743856971964,0.1470008723410563,49272520.0
2017-07-17,215.7610626220703,33531900,0.0005293449834962161,213.6889663696289,212.03790740966798,57.32021218401084,0.21008404980460949,48646240.0
2017-07-18,215.87527465820312,42742500,0.005414133080644978,213.99213104248048,212.1630987548828,66.07256114225015,0.24084718008253025,47123820.0
2017-07-19,217.04405212402344,51034300,0.0004453677848572646,214.36296691894532,212.31236541748046,63.84499778827318,0.31649103942874424,45408600.0
2017-07-20,217.14071655273438,47135200,-0.0008901984985243416,214.9385513305664,212.46741333007813,77.09707036140556,0.3471587976930808,46941320.0
2017-07-21,216.94741821289062,82340800,-0.00024307445294535768,215.35772094726562,212.61107360839844,74.4703345528394,0.3287327609606996,51356940.0
2017-07-24,216.89468383789062,46622300,0.002430913418143943,215.74876708984374,212.76224945068358,72.98113312073903,0.28872282331756904,53975020.0
2017-07-25,217.42193603515625,54915600,4.0283630444948315e-05,216.20835571289064,212.930966796875,73.08856900464193,0.27363723214838154,56409640.0
2017-07-26,217.43069458007812,47575400,-0.0009294336419889415,216.5088897705078,213.07677307128907,93.76591989077822,0.24125182190109062,55717860.0
2017-07-27,217.22860717773438,70766600,-0.0011730581006546004,216.75318908691406,213.22238525390625,88.97439511143139,0.185715359446035,60444140.0
2017-07-28,216.97378540039062,50088400,-0.0005668938227069154,216.8718231201172,213.43740753173827,84.60424684874505,0.11479091162324218,53993660.0
2017-07-31,216.8507843017578,65838700,0.002228682859196196,216.98079528808594,213.63335418701172,85.12361477677965,0.0460904054894713,57836940.0
2017-08-01,217.33407592773438,55050400,0.00048514358354423415,217.12667541503907,213.81203216552734,81.52489564797482,0.020972352892220103,57863900.0
2017-08-02,217.43951416015625,47211200,-0.0019397035083784653,217.16622161865234,213.97165649414063,80.44475252238817,0.0003261465851929213,57791060.0
2017-08-03,217.0177459716797,40856000,0.0018219754297335022,217.15392456054687,214.11357666015624,66.28033292007737,-0.05008071033573902,51808940.0
2017-08-04,217.41314697265625,60191800,0.0018592278649345317,217.20049743652345,214.25360961914063,69.91659645856863,-0.06423458308487762,53829620.0
2017-08-07,217.81736755371094,31995000,-0.002461246781846671,217.29276580810546,214.3816131591797,71.88266160506436,-0.05421456968986904,47060880.0
2017-08-08,217.28126525878906,61719400,-4.016925864891441e-05,217.27869873046876,214.49976959228516,53.11725498688611,-0.08945374165346642,48394680.0
2017-08-09,217.2725372314453,62632600,-0.014115145591671596,217.26288299560548,214.62142456054687,51.77325927476795,-0.11735352167317648,51478960.0
2017-08-10,214.20570373535156,120479500,0.0014767578572301154,216.9605926513672,214.68279235839844,29.199302634107497,-0.33408423474883997,67403660.0
2017-08-11,214.52203369140625,74869900,0.009913068688937265,216.71541748046874,214.7169055175781,32.69157988004969,-0.4411421029122695,70339280.0
2017-08-14,216.6486053466797,73291900,-0.00012156399474494428,216.69519958496093,214.77938385009764,45.42589427056728,-0.3573161579710611,78598660.0
2017-08-15,216.6222686767578,55242700,0.0017445074886819345,216.62401885986327,214.84448333740235,45.22823520087328,-0.294821415485346,77303320.0
2017-08-16,217.0001678466797,56715500,-0.015590954512459954,216.58008422851563,214.93078369140625,48.679044175388626,-0.22250339054113633,76119900.0
2017-08-17,213.61692810058594,128490400,-0.0015634019231550722,216.24000244140626,214.94154724121094,35.746024670304536,-0.3873393215069665,77722080.0
2017-08-18,213.282958984375,136748000,0.0007830323017099516,215.8269836425781,214.9435336303711,35.116858449720766,-0.49669763311055326,90097700.0
2017-08-21,213.44996643066406,65469700,0.01045711536139593,215.39024353027344,214.95533142089843,33.35835093064155,-0.5324476760540588,88533260.0
2017-08-22,215.68203735351562,63140100,-0.0035855834670092124,215.2303207397461,215.0126446533203,43.63070498116497,-0.38718632323907265,90112740.0
2017-08-23,214.90869140625,50203800,-0.002330687542174803,214.99393615722656,215.03367828369142,42.54648638329952,-0.3270015819824565,88810400.0
2017-08-24,214.40780639648438,50741700,0.0023361323367088183,215.01414642333984,215.05011688232423,39.45756433862887,-0.3051630729661713,73260660.0
2017-08-25,214.90869140625,64445900,4.0825727677828993e-05,215.0528121948242,215.0847918701172,39.8653843086591,-0.24387789945672372,58800240.0
2017-08-28,214.91746520996094,40565600,0.0011447776689688105,214.87969818115235,215.11871154785158,41.44968075805611,-0.19193053136080213,53819420.0
2017-08-29,215.1634979248047,51135700,0.004737551463712908,214.73382110595702,215.12204986572266,42.4999565900626,-0.13298032773631577,51418540.0
2017-08-30,216.18284606933594,62030800,0.006016194939510111,214.65208892822267,215.17477416992188,58.22938683846842,-0.023076876371723287,53783940.0
2017-08-31,217.4834442138672,103803900,0.0014143694009574048,215.0387405395508,215.2545657348633,61.39270154231957,0.13100307783852969,64396380.0
2017-09-01,217.79104614257812,62007000,-0.007182294817249191,215.4895492553711,215.34244201660155,55.110222902939135,0.24102560119956817,63908600.0
2017-09-05,216.226806640625,91398800,0.003413889563209649,215.7672332763672,215.3939370727539,48.445009233826404,0.19766032471870945,74075240.0
2017-09-06,216.96498107910156,57916900,-0.0001215977166354465,215.8955276489258,215.4573831176758,49.86545463032113,0.20691199732010387,75431480.0
2017-09-07,216.9385986328125,58034700,-0.0011744855980971858,216.09851837158203,215.55474822998048,67.0879875660358,0.19939413774386464,74632260.0
2017-09-08,216.68380737304688,63832800,0.010665754028529761,216.32611846923828,215.60905639648436,67.63900496378463,0.16672858245544725,66638040.0
2017-09-11,218.99490356445312,71364800,0.0033705986252834386,216.7347396850586,215.74719696044923,73.52694774379088,0.2833822556596706,68509600.0
2017-09-12,219.73304748535156,56896000,0.00047984694896152646,217.21629791259767,215.89219146728516,69.68363768470533,0.3864831254950415,61609040.0
2017-09-13,219.83848571777344,59228000,-0.00031955944662909186,217.68379669189454,216.0320886230469,75.61626544330676,0.4344259706341356,61871260.0
2017-09-14,219.7682342529297,95446300,0.001346203022190684,218.0423355102539,216.16073944091798,79.15888517590734,0.4330813406193881,69353580.0
2017-09-15,220.0640869140625,95432400,0.002126941115453196,218.30039978027344,216.33432373046875,78.68339462844297,0.42329159381776527,75673500.0
2017-09-18,220.5321502685547,46235200,0.001000982854873378,218.5745101928711,216.4898522949219,79.71986288756716,0.4187471230965909,70647580.0
2017-09-19,220.75289916992188,47108100,0.0003599851858631098,219.0271194458008,216.64522583007812,79.66543407240398,0.4009910784451537,68690000.0
2017-09-20,220.83236694335938,59574100,-0.0026792247626009624,219.41385803222656,216.80535217285157,77.41187943166709,0.3659549051001546,68759220.0
2017-09-21,220.24070739746094,48211400,0.00020043377665945883,219.74406890869142,216.92165924072265,67.73864216436957,0.27826067306498414,59312240.0
2017-09-22,220.28485107421875,51214000,-0.0020446659556953017,220.1041732788086,217.0316439819336,66.60664859350423,0.20209973050748964,50468560.0
2017-09-25,219.83444213867188,57064400,0.000602551386229111,220.18812713623046,217.11258392333986,78.20835262170766,0.10513829429785759,52634400.0
2017-09-26,219.96690368652344,54082000,0.0038943513938329843,220.21151275634764,217.1967007446289,75.92822010532919,0.03718019146569862,54029180.0
2017-09-27,220.8235321044922,81001400,0.0011999122989525546,220.31001739501954,217.29566589355468,79.34613974868198,0.03709318884039381,58314640.0
2017-09-28,221.0885009765625,44778800,0.0035149492838002505,220.44204406738282,217.37655487060547,83.22124016019887,0.0417081648891946,57628120.0
2017-09-29,221.86561584472656,85578000,0.004338665567185096,220.62219696044923,217.4710528564453,78.16991037016851,0.08161722506790237,64500920.0
2017-10-02,222.82821655273438,59023000,0.0021400686284647197,220.8518035888672,217.5886688232422,79.0909794945488,0.15320708534270633,64892640.0
2017-10-03,223.30508422851562,66810200,0.0011865095423000405,221.10702209472657,217.7168768310547,80.45557280397661,0.20955346129253982,67438280.0
2017-10-04,223.57003784179688,55953600,0.005925107525406537,221.38078918457032,217.8398388671875,82.29563359871001,0.23939027132217627,62428720.0
2017-10-05,224.89471435546875,63522800,-0.0011386350220846664,221.8461898803711,217.9891192626953,84.92980497212942,0.3181307250688836,66177520.0
2017-10-06,224.63864135742188,80646000,-0.0016514152571696084,222.2815689086914,218.13731994628907,80.63277278594404,0.3217905053861503,65191120.0
2017-10-09,224.26766967773438,35803100,0.0026384569024371363,222.72489166259766,218.28319763183595,75.64404009636667,0.27013333132910256,60547140.0
2017-10-10,224.85939025878906,43057400,0.0015710094436323097,223.21414031982422,218.44336975097656,77.33799610100914,0.24733359891272078,55796580.0
2017-10-11,225.212646484375,47674300,-0.0014898842348431973,223.6530517578125,218.60094116210936,84.88176163917228,0.22803439013100846,54140720.0
2017-10-12,224.87710571289062,47065100,0.0012172311455380669,224.03191223144532,218.74969299316408,80.95243972173884,0.16746378646251436,50849180.0
2017-10-13,225.1508331298828,54800400,0.0013334702315783709,224.36043395996094,218.91235473632813,86.70748846882421,0.12270067175447408,45680060.0
2017-10-16,225.45106506347656,38221700,0.0007053053432040102,224.62271881103516,219.07311309814452,87.00847237724938,0.09160373800475674,46163780.0
2017-10-17,225.61007690429688,31561000,0.0009784531985281841,224.85321807861328,219.22896728515624,85.6581313557299,0.06148153452089078,43864500.0
2017-10-18,225.83082580566406,40888300,0.0002738504446844203,225.079296875,219.39995849609375,85.5630136327956,0.037349114886692014,42507300.0
2017-10-19,225.89266967773438,61903800,0.005160326509503932,225.17909240722656,219.57236114501953,83.8281400207647,0.008009963115817031,45475040.0
2017-10-20,227.058349609375,89176400,-0.003889386482816115,225.4210632324219,219.8294140625,84.36169105142862,0.04737132156262125,52350240.0
2017-10-23,226.17523193359375,63915300,0.0017570443012098202,225.6118194580078,220.06247802734376,71.87094493718868,-0.0031280043525390155,57488960.0
2017-10-24,226.5726318359375,66935900,-0.004950142315833905,225.78314361572265,220.2609585571289,72.42750137908082,-0.025576238556282327,64563940.0
2017-10-25,225.45106506347656,103715300,0.0012927777910507476,225.8069854736328,220.43753448486328,54.285626970264715,-0.12614442956607874,77129340.0
2017-10-26,225.74252319335938,69798000,0.00817607529189357,225.89352722167968,220.61238159179686,58.457211261941616,-0.1799412884579481,78708180.0
2017-10-27,227.5882110595703,85562500,-0.003724986709885192,226.13726501464845,220.89180725097657,70.75081099946028,-0.10200522884816343,77985400.0
2017-10-30,226.74044799804688,54285700,0.0015577743289181267,226.26620330810547,221.16095703125,61.39063779144868,-0.11724432030567278,76059480.0
2017-10-31,227.09365844726562,60304800,0.0013222637391729908,226.41456146240233,221.43383087158202,61.39042374290836,-0.1131743857094305,74733260.0
2017-11-01,227.39393615722656,54202700,0.00038812308467406353,226.57087249755858,221.66806884765626,65.30597473363039,-0.10033537679852556,64830740.0
2017-11-02,227.48219299316406,56449500,0.0033389514667461206,226.72982482910157,221.91953887939454,64.50526331778894,-0.09597511629621058,62161040.0
2017-11-03,228.2417449951172,59589700,0.0015475946699206045,226.8481643676758,222.1962176513672,66.42431470312482,-0.054098507165231347,56966480.0
2017-11-06,228.594970703125,49652600,-0.0006952046565028569,227.09013824462892,222.46994323730468,67.17472001460946,-0.016710111961171004,56039860.0
2017-11-07,228.43605041503906,57502200,0.001700779217656212,227.27648010253907,222.74031494140624,65.09756968884518,-0.016740679032384076,55479340.0
2017-11-08,228.82456970214844,50469600,-0.0036277076524546814,227.61383056640625,223.0135363769531,66.37085052253468,-0.005248654191475799,54732720.0
2017-11-09,227.9944610595703,95085500,-0.00030980109886025176,227.83902435302736,223.2497686767578,55.430470258949576,-0.06489494769256221,62459920.0
2017-11-10,227.923828125,59984700,0.0009300260503697366,227.87258605957032,223.45857635498047,61.19950274817636,-0.11738672956201768,62538920.0
2017-11-13,228.13580322265625,50228600,-0.0023227709946312958,228.01212158203126,223.66547149658203,60.255475913987105,-0.14433956370817524,62654120.0
2017-11-14,227.60589599609375,61315200,-0.005005168814417482,228.06334533691407,223.89305328369142,65.32706730195252,-0.20088838578626822,63416720.0
2017-11-15,226.46669006347656,80811500,0.008501170450515794,227.97062072753906,224.08308746337892,54.59657564364069,-0.31144917175547326,69485100.0
2017-11-16,228.3919219970703,67777000,-0.0029388905973606327,228.06159362792968,224.31215393066407,55.05047405725507,-0.25379271001438886,64023400.0
2017-11-17,227.720703125,75756800,0.0017062559501856978,228.00948944091797,224.53289184570312,56.29964344971229,-0.2588443630272945,67177820.0
2017-11-20,228.1092529296875,48075500,0.006542617721364552,227.9609176635742,224.71517883300783,56.49724132275938,-0.23471351171151666,66747200.0
2017-11-21,229.6016845703125,69176800,-0.0008843519873762418,228.07748107910157,224.91255157470704,62.25473505541807,-0.12257449167078516,68319520.0
2017-11-22,229.3986358642578,45033400,0.0023097846602229133,228.1348876953125,225.10375457763672,60.50390229052579,-0.0690743919193062,61163900.0
2017-11-24,229.92849731445312,27856500,-0.0004993830214019557,228.3282913208008,225.3069598388672,59.48376890224965,-0.008202546542581457,53179800.0
2017-11-27,229.8136749267578,52274900,0.010145030210007011,228.51727600097655,225.5019515991211,57.04092373280299,0.012975242284616106,48483420.0
2017-11-28,232.1451416015625,98971700,-0.000608786827593577,228.9182098388672,225.73421142578124,67.12892692200909,0.1642502705729083,58662660.0
2017-11-29,232.00381469726562,77512100,0.008754980893284747,229.35800170898438,225.95922973632813,65.02508808593552,0.23095537228742913,60329720.0
2017-11-30,234.03500366210938,127894400,-0.002075471722716493,230.11483306884764,226.2232824707031,75.63708519035166,0.3792753841248582,76901920.0
2017-12-01,233.5492706298828,164390900,-0.00121005743869107,230.6305679321289,226.48945373535156,73.06271308373213,0.4094863331918235,104208800.0
2017-12-04,233.26666259765625,94040600,-0.003596499697397171,231.18516387939454,226.7490899658203,70.91393997293208,0.37611476277471745,112561940.0
2017-12-05,232.42771911621094,77994500,0.00018979302187971392,231.61701049804688,227.00095550537108,69.17128653885122,0.2682790235156842,108366500.0
2017-12-06,232.47183227539062,75898600,0.0031530775225965257,231.90402526855468,227.25105407714844,76.1535588638324,0.1751666631407336,108043800.0
2017-12-07,233.204833984375,77218600,0.0054530719519434445,232.2846450805664,227.4986801147461,73.39018620551572,0.13972775282422067,97908640.0
2017-12-08,234.4765167236328,76563900,0.003013148016031808,232.73944702148438,227.7664404296875,81.02190701604665,0.17635410700501608,80343240.0
2017-12-11,235.1830291748047,83077500,0.0017646843191327921,233.27638244628906,228.03278869628906,81.56036190592897,0.21975976470076097,78150620.0
2017-12-12,235.59805297851562,85195800,-0.00011223981315211518,233.62167358398438,228.28818542480468,79.59902747064034,0.2460361607349737,79590880.0
2017-12-13,235.5716094970703,102905400,-0.0040861691749434215,233.97845306396485,228.53351593017578,81.0114647181654,0.2314646383399801,84992240.0
2017-12-14,234.60902404785156,100666700,0.008327297151275559,234.03585510253907,228.75429565429687,72.53405346000197,0.131784347195248,89681860.0
2017-12-15,236.56268310546875,144610300,0.006341394633373909,234.33719635009766,228.9876550292969,77.60491105699317,0.16979248256758228,103291140.0
2017-12-18,238.0628204345703,83653600,-0.0038404826145380655,234.81681213378906,229.25613861083986,75.9707707369862,0.2627789183333409,103406360.0
2017-12-19,237.14854431152344,82382900,-0.0005242003692372821,235.2888946533203,229.51375610351562,71.14404148976865,0.23066903274775674,102843780.0
2017-12-20,237.02423095703125,76751500,0.002059725936388368,235.74413452148437,229.75705291748048,64.56875728802265,0.17172228672598155,97613000.0
2017-12-21,237.51243591308594,67032300,-0.00026147376766028074,236.17489471435547,230.0030487060547,69.31083809914676,0.13774290012791024,90886120.0
2017-12-22,237.45033264160156,78720900,-0.0011962179847823107,236.47227630615234,230.2545132446289,70.83293442565653,0.08576049691912901,77708240.0
2017-12-26,237.16629028320312,45244400,0.00048645911678169007,236.67060241699218,230.4948223876953,74.97639464612881,0.010860055591473738,70026400.0
2017-12-27,237.2816619873047,57751000,0.0020575556103019643,236.8389633178711,230.73143432617186,75.16296772895709,-0.04901364303018907,65100020.0
2017-12-28,237.76988220214844,45116100,-0.0037708999853489633,237.0587905883789,230.97463043212892,74.51012519887468,-0.07242415930143942,58772940.0
2017-12-29,236.87327575683594,96007400,0.007157881609229477,237.28521575927735,231.19547943115234,63.40844214379371,-0.15996437427231047,64567960.0
2018-01-02,238.56878662109375,86655700,0.0063249751644467445,237.48582611083984,231.44900177001952,67.05413785099525,-0.11732337706273821,66154920.0
2018-01-03,240.07772827148438,90070400,0.00421470199000451,237.68731689453125,231.7093893432617,70.3244377860915,-0.006961637283159572,75120120.0
2018-01-04,241.08958435058594,80636400,0.006664283973332408,238.0814208984375,232.00767639160156,72.98039943366538,0.10835383430953316,79697200.0
2018-01-05,242.69627380371094,83524000,0.0018283793062494613,238.64862518310548,232.33014923095703,81.96558370907547,0.2584430974471221,87378780.0
2018-01-08,243.1400146484375,57319200,0.00226365258009964,239.2113830566406,232.68392822265625,79.5211979092473,0.34765426483561024,79641140.0
2018-01-09,243.69039916992188,57254000,-0.0015298211814862572,239.83538970947265,233.0428857421875,77.61253254949995,0.40004500032313084,73760800.0
2018-01-10,243.31759643554688,69574300,0.007296096051802703,240.45052032470704,233.35747344970704,81.96801419482782,0.366783556087829,69661580.0
2018-01-11,245.09286499023438,62361500,0.006518699626942626,241.231640625,233.72452178955078,85.70273043994922,0.41782952229430403,66006600.0
2018-01-12,246.6905517578125,90816100,-0.003418297590812802,242.12370758056642,234.11645965576173,86.98101816044493,0.5067566533722516,67465020.0
2018-01-16,245.8472900390625,106555100,0.009531619215871423,243.02110900878907,234.48552673339844,81.82984458236209,0.4578346267392486,77312200.0
2018-01-17,248.19061279296875,113258800,-0.0016806820850614468,243.98329162597656,234.89969512939453,86.14611537699544,0.5273928709886881,88513160.0
2018-01-18,247.7734832763672,100728000,0.004549921317682726,244.75286712646485,235.29032989501954,83.73267476338775,0.49019824556231395,94743900.0
2018-01-19,248.9008331298828,140920100,0.008130718769933543,245.53399200439452,235.69644714355468,84.37483507121154,0.4854905975528272,110455620.0
2018-01-22,250.92457580566406,91322400,0.0021225821764028208,246.35682220458983,236.14621765136718,90.56921471947219,0.5574911048020579,110556880.0
2018-01-23,251.45718383789062,97084700,-0.0003884827074223107,247.18853912353515,236.59886993408202,89.89033927761825,0.577365047732397,108662800.0
2018-01-24,251.3594970703125,134816100,0.00042384260979244637,247.95544891357423,237.06617065429688,88.26006590549682,0.5219853717057705,112974260.0
2018-01-25,251.46603393554688,84587300,0.011577857823245719,248.77029266357422,237.53701477050782,87.49201952583579,0.4341846442431936,109746120.0
2018-01-26,254.37747192382812,107743100,-0.006629763200291405,249.6987533569336,238.06184814453124,88.56973284200365,0.5086783313398349,103110720.0
2018-01-29,252.69100952148438,90118300,-0.010257326562626234,250.29879913330078,238.56355041503906,79.14433273858967,0.38640328893606934,102869900.0
2018-01-30,250.0990753173828,131796400,0.0004968734009405118,250.7239776611328,239.03619812011718,67.38914600044549,0.08854149240021636,109812240.0
2018-01-31,250.2233428955078,108364800,-0.0011350943374135447,250.92725067138673,239.47282653808594,68.99406476133558,-0.13062042414949948,104521980.0
2018-02-01,249.93931579589844,90102500,-0.021769810701731007,251.14383392333986,239.9171987915039,64.52124074983381,-0.31472465289428,105625020.0
2018-02-02,244.49818420410156,173174800,-0.041822935197469824,250.7035690307617,240.24497741699219,44.66080966887722,-0.7956013938233553,118711360.0
2018-02-05,234.27255249023438,294681800,0.019702296954541287,249.03836669921876,240.3383947753906,30.652837487936097,-1.740803326395628,159624060.0
2018-02-06,238.8882598876953,355026800,-0.0054247054171235876,247.7814743041992,240.52818725585936,35.54891412820916,-1.976379013518641,204270140.0
2018-02-07,237.5923614501953,167376100,-0.037509056183370304,246.4047607421875,240.68146453857423,34.60411369184692,-2.1275857571955292,216072400.0
2018-02-08,228.6804962158203,246449500,0.01502174746385232,244.12620697021484,240.65880096435546,25.249862163046544,-2.69916918464007,247341800.0
2018-02-09,232.1156768798828,283565300,0.014684655789635626,241.9000274658203,240.65821166992188,27.746413169380446,-2.710161648811629,269419900.0
2018-02-12,235.5242156982422,143736000,0.002487088860836373,240.1833480834961,240.7286196899414,32.350164111325924,-2.364733528264919,239230740.0
2018-02-13,236.1099853515625,81223600,0.013496186821203349,238.78443908691406,240.77011932373046,33.28798276946128,-1.9887686306649681,184470100.0
2018-02-14,239.29656982421875,120735700,0.012760241644529602,237.69176177978517,240.8850653076172,37.506821968398704,-1.4428618422002304,175142020.0
2018-02-15,242.3500518798828,111200300,0.00029308705541830626,236.9328353881836,241.06673309326172,37.68855021065518,-0.8242618160841062,148092180.0
2018-02-16,242.42108154296875,160420100,-0.006261350255184817,236.72512512207032,241.26660034179687,39.12799071118012,-0.3809815971991064,123463140.0
2018-02-20,240.9031982421875,86369700,-0.004973893818986719,237.38818969726563,241.4352276611328,40.038480038480046,-0.17135829777618883,111989880.0
2018-02-21,239.70497131347656,98883700,0.001295983495132269,237.46986083984376,241.56523040771484,38.86496035315159,-0.09838514541437005,115521900.0
2018-02-22,240.015625,110511300,0.015938929146865455,237.71218719482422,241.6760125732422,39.50042507877599,-0.018369555614663913,113477020.0
2018-02-23,243.84121704101562,92766400,0.011612616422465027,239.22825927734374,241.8491763305664,49.28030484117228,0.286222570279396,109790240.0
2018-02-26,246.6728515625,86491400,-0.012486613841238725,240.68397674560546,242.0706723022461,66.21036900628096,0.6515232897078735,95004500.0
2018-02-27,243.59274291992188,99099200,-0.010130170869703026,241.49082946777344,242.2310949707031,56.407204195201395,0.6569667209122534,97550400.0
2018-02-28,241.12510681152344,121907800,-0.014540535837176405,241.99234161376953,242.36141662597657,54.6625594394666,0.4741624280295029,102155220.0
2018-03-01,237.6190185546875,176855100,0.005154758999781572,241.8245864868164,242.38254333496093,63.760714680021884,0.11559870956969132,115423980.0
2018-03-02,238.84388732910156,139083200,0.011558133768797552,241.47397003173828,242.39816467285155,61.11435989211807,-0.03267595668196821,124687340.0
2018-03-05,241.60447692871094,97307400,0.0025347056810336444,241.3923095703125,242.4872833251953,60.26372537201485,0.0567078744866894,126850540.0
2018-03-06,242.2168731689453,79213200,-0.00036613502961613253,241.52367706298827,242.59113616943358,60.29941361787938,0.15314386915787198,122873340.0
2018-03-07,242.12818908691406,87063500,0.0048392017374718765,241.76599884033203,242.68345123291016,55.33284250250156,0.20385433492456217,115904480.0
2018-03-08,243.29989624023438,66901200,0.017401862990440442,242.09442596435548,242.80044250488282,51.92532644472941,0.30321719748567777,93913700.0
2018-03-09,247.5337677001953,113625300,-0.0012546869684231243,242.46368103027345,243.00779205322266,58.86697304275064,0.6225947533072245,88822120.0
2018-03-12,247.2231903076172,71924800,-0.006463021676496039,242.51871490478516,243.20662261962892,61.439879090327054,0.7716958287602653,83745600.0
2018-03-13,245.62538146972656,91968900,-0.005131480083156781,242.72197875976562,243.36373260498047,60.56377908850922,0.7223478258446165,86296740.0
2018-03-14,244.36495971679688,105895100,-0.001089873542448716,243.04596405029298,243.5135662841797,57.50610415082255,0.5710875678149433,90063060.0
2018-03-15,244.0986328125,83433000,0.001084686566089399,243.6939254760742,243.62416320800781,50.506470331106094,0.42601918208665757,93369420.0
2018-03-16,244.3634033203125,100343700,-0.01353015373471711,244.24587707519532,243.70987670898438,44.9455860371113,0.3253588786640381,90713100.0
2018-03-19,241.05712890625,109208400,0.0017002871264064634,244.1911422729492,243.70922760009765,44.50500248669354,0.02917217734197175,98169820.0
2018-03-20,241.4669952392578,59757300,-0.0019190154985399,244.11615447998048,243.68464202880858,50.813468003688676,-0.1369511542964954,91727500.0
2018-03-21,241.0036163330078,78709600,-0.02499725694142607,244.00369720458986,243.6419140625,59.41654787002359,-0.268261157739515,86290400.0
2018-03-22,234.97918701171875,148785900,-0.021314779946175255,243.17162628173827,243.46768981933593,41.51402474122629,-0.7251491785737687,99360980.0
2018-03-23,229.9706573486328,183534800,0.027359447460504116,241.41531524658203,243.20075103759766,26.750070746892007,-1.2956672636704833,115999200.0
2018-03-26,236.2625274658203,141956100,-0.017012211744465988,240.31924896240236,243.02414428710938,40.3019000346943,-1.1833807689463829,122548740.0
2018-03-27,232.24317932128906,129941400,-0.0029546088119614122,238.98102874755858,242.7351968383789,35.72734106557601,-1.3043525317427713,136585560.0
2018-03-28,231.55699157714844,146452300,0.012777787405984675,237.70023193359376,242.44939086914061,32.80368281031927,-1.3494971185417335,150134100.0
2018-03-29,234.51577758789062,111601600,-0.021584886577892703,236.7419464111328,242.17589416503907,30.196905864466174,-1.1090586599824968,142697240.0
2018-04-02,229.4537811279297,186286300,0.012817238097625694,235.25098419189453,241.80950012207032,26.383025669813065,-1.2115662928034354,143247540.0
2018-04-03,232.39474487304688,119956900,0.010699253103467532,234.3847457885742,241.47937835693358,33.0216029910448,-1.010160643663513,138847700.0
2018-04-04,234.88119506835938,123715300,0.007891939635061629,233.72616577148438,241.1585107421875,38.20109665059126,-0.6555296865847837,137602480.0
2018-04-05,236.73486328125,82652600,-0.022285895349532736,233.2992904663086,240.8640643310547,41.1867125710316,-0.2623389987957685,124842540.0
2018-04-06,231.45901489257812,179521200,0.004928307910040619,232.94727325439453,240.4660546875,36.2096056709907,-0.31998269441137284,138426460.0
2018-04-09,232.59971618652344,105442900,0.015900451696131856,233.2101791381836,240.08872833251954,40.52327543668693,-0.24696035385472337,122257780.0
2018-04-10,236.29815673828125,103529000,-0.005242464889013587,233.2137420654297,239.7271420288086,44.6057462906892,0.06792479168693255,118972200.0
2018-04-11,235.0593719482422,91140200,0.0082272785371309,233.495361328125,239.37450927734375,43.89532533129239,0.20266105668480217,112457180.0
2018-04-12,236.99327087402344,68890500,-0.002933054314912087,234.0389892578125,239.11239318847657,52.258170696114334,0.41943175300300384,109704760.0
2018-04-13,236.29815673828125,85079200,0.008221664989026323,234.21722717285155,238.83388946533202,57.853992064168494,0.5075231219642264,90816360.0
2018-04-16,238.2409210205078,63405300,0.010698532032541008,235.09594116210937,238.59992156982423,52.75289587422322,0.6775293765593462,82408840.0
2018-04-17,240.7897491455078,64682000,0.0007402855580882495,235.93544158935546,238.52575286865235,62.39983529109642,0.9270996377977418,74639440.0
2018-04-18,240.96800231933594,57303900,-0.005547717941380648,236.54412231445312,238.65966186523437,63.85826799961532,1.0600585886037637,67872180.0
2018-04-19,239.6311798095703,77655900,-0.008479306113438168,236.83375396728516,238.67452026367187,57.91061117678845,1.0138532226766508,69625260.0
2018-04-20,237.59927368164062,99953100,-0.00015008375020053588,237.4477798461914,238.67465850830078,63.898998367497846,0.8111039063984373,72600040.0
2018-04-23,237.56361389160156,65558000,-0.01346736575813079,237.9441696166992,238.8523208618164,59.790585116560294,0.6464114368036867,73030580.0
2018-04-24,234.3642578125,112885500,0.0024718580851621486,237.7507797241211,238.89729248046876,49.0465946673691,0.31083270420741493,82671280.0
2018-04-25,234.94357299804688,103840900,0.010165703486762823,237.73919982910155,238.88567962646485,46.53330325165607,0.12617488609599925,91978680.0
2018-04-26,237.33193969726562,67731900,0.0009386139168945373,237.77306671142577,238.9101187133789,62.79604025176637,0.1609533045581118,89993880.0
2018-04-27,237.55470275878906,57053600,-0.0076906499935606165,237.89872131347656,238.8752813720703,61.24585808324837,0.19287635270240355,81413980.0
2018-04-30,235.72775268554688,82182300,0.0017767243670547828,237.64740447998048,238.7428353881836,48.5852220000212,0.09008874313533766,84738840.0
2018-05-01,236.14657592773438,74203400,-0.00671725994051986,237.18308715820314,238.6173452758789,52.81093650015899,0.05137007542195832,77002420.0
2018-05-02,234.56031799316406,86368900,-0.0022035311272434743,236.54231872558594,238.49048767089843,43.59451906868519,-0.07323840347652216,73508020.0
2018-05-03,234.04345703125,136311500,0.012946112834613999,235.9835464477539,238.3772573852539,44.00757873153576,-0.17673542806926346,87223940.0
2018-05-04,237.0734100341797,91222100,0.003383248450151699,235.93096008300782,238.3184130859375,47.066572405215865,-0.034822520027568526,94057640.0
2018-05-07,237.87548828125,55304900,0.0,235.96214752197267,238.19909851074217,41.973221798118686,0.11137087563918668,88682160.0
2018-05-08,237.87548828125,67499200,0.009666178471947173,236.31327056884766,238.0231512451172,41.39778967536122,0.20114290196795948,87341320.0
2018-05-09,240.17483520507812,59666100,0.009350386509664688,236.83639678955078,237.95479309082032,51.435383374546866,0.3971256127222465,82000760.0
2018-05-10,242.42056274414062,72063900,0.00305124718060501,237.3452590942383,237.98070220947267,62.587263267761394,0.6450783918150572,69151240.0
2018-05-11,243.16024780273438,59871500,0.000476601352305428,237.90581359863282,238.0915267944336,64.09342101319578,0.8150245316577258,62881120.0
2018-05-14,243.27613830566406,54790600,-0.006887199643487607,238.66065216064453,238.18017181396485,76.56770420616992,0.8855020467701129,62778260.0
2018-05-15,241.60064697265625,87036100,0.0042053766877148124,239.20605926513673,238.18009521484376,68.62827815304738,0.7735999650700924,66685640.0
2018-05-16,242.61666870117188,53942600,-0.0008450247501183838,240.0116943359375,238.18809112548828,66.01835955422025,0.7232548623177436,65540940.0
2018-05-17,242.41165161132812,56536400,-0.0024999543643138278,240.8485137939453,238.19376037597655,64.73758437053493,0.6345593659415372,62435440.0
2018-05-18,241.80563354492188,64368000,0.007518406984197812,241.32173614501954,238.16387512207032,69.91811131979989,0.49943891562889675,63334740.0
2018-05-21,243.62362670898438,58025900,-0.002780199920857429,241.89654998779298,238.08567230224608,72.44505721012469,0.49585985235255237,63981800.0
2018-05-22,242.94630432128906,52966400,0.002751208741211375,242.40363159179688,238.00013458251954,76.62656416239189,0.41454062859471597,57167860.0
2018-05-23,243.6147003173828,64694200,-0.002048224760175521,242.74761810302735,237.95992095947267,80.1002540421689,0.37369404787174965,59318180.0
2018-05-24,243.11572265625,76043800,-0.002382690032757484,242.81713409423827,237.93493621826173,72.59997055073549,0.28500539704276506,63219660.0
2018-05-25,242.5364532470703,56374800,-0.011501132849852325,242.75475463867187,237.90369262695313,67.72882977105706,0.16520585241903385,61621020.0
2018-05-29,239.74700927734375,115908600,0.01334446278845669,242.40184173583984,237.81136474609374,55.87250667917915,-0.10923802226723311,73197560.0
2018-05-30,242.94630432128906,69678400,-0.006125779430110834,242.53640747070312,237.84914825439452,58.231492047723634,-0.08378685705452993,76539960.0
2018-05-31,241.45806884765625,93519900,0.00981756039927717,242.42054748535156,237.8489697265625,47.00662284339984,-0.17065776241234665,82305100.0
2018-06-01,243.82859802246094,71258400,0.004751572807020654,242.56224212646484,237.90546936035156,51.887152575818284,-0.07672974051089332,81348020.0
2018-06-04,244.98716735839844,45385200,0.000727602085244472,242.8803955078125,238.10562896728516,54.56260304450221,0.04842612126472434,79150100.0
2018-06-05,245.16542053222656,51135000,0.008360406670475218,243.03457489013672,238.40952423095703,60.33067572288331,0.12392225081066388,66195380.0
2018-06-06,247.21510314941406,62732200,-0.00010782959516864032,243.46145477294922,238.6285757446289,62.57295839567043,0.2834828016000064,64806140.0
2018-06-07,247.18844604492188,72969400,0.0029566520256927298,243.81882934570314,238.92748107910157,63.18926698394294,0.3542156103156038,60696040.0
2018-06-08,247.91929626464844,72139700,0.0013297316613201104,244.29918670654297,239.25472717285157,66.7649414326469,0.4130999991954676,60872300.0
2018-06-11,248.24896240234375,58892500,0.0012920698712244327,244.8704376220703,239.52939086914063,63.81097310941216,0.4349270417616371,63573760.0
2018-06-12,248.56971740722656,72329000,-0.003190494445609038,245.7527084350586,239.91170959472657,67.15649853543903,0.4308230735567442,67812560.0
2018-06-13,247.7766571044922,79070600,0.0025174447237088504,246.2357437133789,240.21934783935546,62.601874678898405,0.3386181631748222,71080240.0
2018-06-14,248.40042114257812,77097600,-0.0012756178601243118,246.9299789428711,240.48973236083984,65.88138189088308,0.2856734629807025,71905880.0
2018-06-15,248.08355712890625,120041600,-0.0020566594359446855,247.35547485351563,240.71670623779298,66.93707469206377,0.19943195821431825,81486260.0
2018-06-18,247.57333374023438,52917600,-0.0038330434714007877,247.6140914916992,241.0389926147461,77.76000138554829,0.08404729423202673,80291280.0
2018-06-19,246.62437438964844,97531500,0.0017060189231119516,247.7599868774414,241.3194857788086,65.52443246808116,-0.07174574750656193,85331780.0
2018-06-20,247.0451202392578,53785500,-0.006268672775367579,247.74298858642578,241.53442504882813,75.9173821641173,-0.157124139832155,80274760.0
2018-06-21,245.49647521972656,71061400,0.0018231251604758913,247.57379150390625,241.7431671142578,58.37565629971097,-0.31921612437204705,79067520.0
2018-06-22,245.9440460205078,54898500,-0.013612943737041472,247.3762664794922,241.9221826171875,55.174724306268416,-0.39277218440233774,66038900.0
2018-06-25,242.5960235595703,137854200,0.002214133128386697,246.81097259521485,242.0481399536133,39.652434677875284,-0.6483103994704875,83026220.0
2018-06-26,243.13316345214844,68547400,-0.008284059690064738,246.26731719970704,242.1459848022461,31.28052688885343,-0.7550961527516382,77229400.0
2018-06-27,241.11903381347656,105110700,0.005717575718531931,245.60155487060547,242.15257049560546,26.457619394283753,-0.9241439035378827,87494440.0
2018-06-28,242.49765014648438,76650500,0.0014396256407023245,245.0112777709961,242.18316345214845,29.97643245265921,-0.9047310729799513,88612260.0
2018-06-29,242.8467559814453,97592500,0.0021377669970321644,244.48759765625,242.24747497558593,30.07683641508096,-0.8318513435171968,97151060.0
2018-07-02,243.36590576171875,63554800,-0.003531330795446652,244.06685485839844,242.3628076171875,31.08529771617269,-0.7165323086790718,82291180.0
2018-07-03,242.50650024414062,42187100,0.00815829402124435,243.65506744384766,242.46166534423827,30.936092844266398,-0.6670014102608158,77019120.0
2018-07-05,244.4849395751953,56925900,0.008457946652112192,243.3990493774414,242.6640789794922,37.10062223455498,-0.47867687311227725,67382160.0
2018-07-06,246.5527801513672,66493700,0.00900410030075971,243.50467987060546,242.8962631225586,45.4785635027443,-0.2064350754901394,65350800.0
2018-07-09,248.77276611328125,50550400,0.0035985979023491765,243.7875518798828,243.12507965087892,53.21774882843586,0.1143131407330159,55942380.0
2018-07-10,249.66799926757812,51966800,-0.007314217697061309,244.4947494506836,243.36734558105468,58.188818176518545,0.36384691681515613,53624780.0
2018-07-11,247.8418731689453,77054700,0.009065932628251838,244.9656204223633,243.60962799072266,51.99293754475101,0.3811638179400178,60598300.0
2018-07-12,250.0887908935547,60124700,0.0007873180295645543,245.8625961303711,243.88847229003906,61.09915414504332,0.5110872920420297,61238060.0
2018-07-13,250.2856903076172,48216000,-0.0008937540431549484,246.6414001464844,244.20297973632813,60.622013498984586,0.5727873306500286,57582520.0
2018-07-16,250.06199645996094,48201000,0.0040448343407026854,247.36292419433593,244.52335052490236,71.56214855579567,0.5603450460498254,57112640.0
2018-07-17,251.07345581054688,52315500,0.0021037597960418264,248.13367919921876,244.80335144042968,72.32049028514467,0.5796314866194905,57182380.0
2018-07-18,251.60165405273438,44593500,-0.003771188563309602,249.04319458007814,245.07787475585937,82.15316383773578,0.5856321579967243,50690140.0
2018-07-19,250.65281677246094,61412100,-0.0011432548905041529,249.65998229980468,245.3334213256836,75.69156489360577,0.4873952709546163,50947620.0
2018-07-20,250.3662567138672,82337700,0.001859336568868164,250.04132995605468,245.53724975585936,73.7827230942375,0.3701281543346864,57771960.0
2018-07-23,250.83177185058594,47047600,0.005032085935277264,250.24723052978516,245.70547393798827,73.69347242251293,0.2942326795672041,57541280.0
2018-07-24,252.09397888183594,68026900,0.008522367370809025,250.48982849121094,245.88414855957032,79.66805958873385,0.2984191143071615,60683560.0
2018-07-25,254.24241638183594,78882900,-0.0023588360866690916,251.1298828125,246.10347412109374,79.87974573530978,0.4084568792493166,67541440.0
2018-07-26,253.6427001953125,57919500,-0.006776384718561235,251.4852737426758,246.34431518554686,73.85606216967483,0.4027601418781175,66842920.0
2018-07-27,251.92391967773438,76768700,-0.005223534268688823,251.6490966796875,246.53046020507813,60.97306706453958,0.25248784989038175,65729120.0
2018-07-30,250.6079864501953,63742500,0.004929235510929386,251.70369567871094,246.69438690185547,53.18008414423251,0.044609225064695,69068100.0
2018-07-31,251.84329223632812,68570500,-0.0016704229472125354,251.78067932128906,246.8951400756836,64.1009619779428,-0.025766151901605694,69176820.0
2018-08-01,251.422607421875,53853300,0.005447334843619256,251.7627746582031,247.0511196899414,55.3947253110763,-0.11189068860113505,64170900.0
2018-08-02,252.7921905517578,63426400,0.004285148013317253,251.97671203613282,247.2480374145508,59.25938869748733,-0.08886596365402877,65272280.0
2018-08-03,253.8754425048828,53935400,0.0036670314745521626,252.32763061523437,247.45325225830078,63.24621881877043,-0.016706033479589877,60705620.0
2018-08-06,254.80641174316406,39400900,0.003302235050939961,252.7250946044922,247.68706604003907,63.03954562559097,0.07278789797425422,55837300.0
2018-08-07,255.64784240722656,43196600,-0.00042013503888627124,253.08048095703126,247.9492938232422,63.83103016975639,0.1625749848749387,50762520.0
2018-08-08,255.54043579101562,42114600,-0.0013660277141747112,253.2102828979492,248.26516235351562,67.7270287172165,0.18691590862265595,48414780.0
2018-08-09,255.1913604736328,35717000,-0.00670010280299449,253.36514892578126,248.5100634765625,67.42128912404883,0.15311170267304175,42872900.0
2018-08-10,253.48155212402344,77076000,-0.0037435814364255027,253.52091217041016,248.75053314208984,58.77841449063197,-0.002552447515701939,47501020.0
2018-08-13,252.53262329101562,65732900,0.006380793980511612,253.7133758544922,248.92461364746094,51.48398113934152,-0.17787250721800518,52767420.0
2018-08-14,254.14398193359375,43842000,-0.007467647479103112,253.94344482421874,249.10774993896484,49.65442762264846,-0.19252497015554004,52896500.0
2018-08-15,252.24612426757812,102925400,0.008091486632369582,254.02579650878906,249.24936401367188,45.50662081939882,-0.32921717306475795,65058660.0
2018-08-16,254.28717041015625,69967900,0.0035207996848958256,254.1752944946289,249.39080535888672,57.44910896194018,-0.28311389793782005,71908840.0
2018-08-17,255.18246459960938,65618500,0.0021398454092345087,254.30599670410157,249.55068572998047,64.81180466143022,-0.197328707500398,69617340.0
2018-08-20,255.728515625,39807500,0.0023451879969145217,254.39820709228516,249.7068701171875,63.1677968135237,-0.11300679354372511,64432260.0
2018-08-21,256.3282470703125,67272000,-0.0005936163738111677,254.46624755859375,249.86845581054686,66.42682690047724,-0.030339002668216652,69118260.0
2018-08-22,256.17608642578125,44993300,-0.0013277934350823806,254.52981262207032,250.02058319091796,62.337043898151386,-0.000956414186807919,57531840.0
2018-08-23,255.8359375,49204900,0.006018084671878254,254.59427032470703,250.18176879882813,57.5570678226295,-0.01850703517376817,53379240.0
2018-08-24,257.3755798339844,57487400,0.007895838627086205,254.98367309570312,250.36127197265625,59.459423017500484,0.05545161788486497,51753020.0
2018-08-27,259.40777587890625,57072400,0.00048280796595490116,255.6711883544922,250.58775634765624,62.727669979638705,0.21419671796463313,55206000.0
2018-08-28,259.53302001953125,46943500,0.005380758004877029,256.21009216308596,250.8269500732422,63.4989093895677,0.2955772267982242,51140300.0
2018-08-29,260.92950439453125,61485500,-0.004048355710749907,257.07843017578125,251.11305267333984,68.11745718208753,0.40465490951177796,54438740.0
2018-08-30,259.8731689453125,61229500,3.464261271535207e-05,257.63703002929685,251.36961364746094,71.04931763750515,0.367919090520332,56843660.0
2018-08-31,259.8821716308594,66140800,-0.0017222066368484112,258.10700073242185,251.65732757568358,75.80137133061925,0.30886477477861307,58574340.0
2018-09-04,259.4346008300781,57594400,-0.0026921054120541132,258.4776092529297,251.927138671875,70.22598672313418,0.20907596391164152,58678740.0
2018-09-05,258.7361755371094,72452400,-0.0030095773110235813,258.71840209960936,252.24994171142578,77.31656313742415,0.07250118095422309,63780520.0
2018-09-06,257.9574890136719,65909900,-0.0019431543647742133,258.89654235839845,252.54642822265626,67.28514474111591,-0.08525818992554557,64665400.0
2018-09-07,257.45623779296875,73524800,0.0017383159446422436,259.05857238769534,252.8731723022461,61.1209457139872,-0.23012604965289718,67124460.0
2018-09-10,257.9037780761719,50210900,0.0032971281119575924,259.11139221191405,253.18129486083984,60.74265200131422,-0.29824538630420094,63938480.0
2018-09-11,258.7541198730469,50530500,0.0002424855714597829,259.0460266113281,253.49944213867187,61.690918877897694,-0.2883036942192223,62525700.0
2018-09-12,258.8168640136719,59810800,0.005914341041899807,258.9744110107422,253.80846130371094,62.83723842047953,-0.27956156155596457,59997380.0
2018-09-13,260.34759521484375,51034200,0.00017184245352575012,258.9162200927734,254.165283203125,69.65659004605746,-0.17770888447189392,57022240.0
2018-09-14,260.392333984375,55079900,-0.005293971217935622,258.9681365966797,254.4834310913086,65.1120412637166,-0.11726313857562598,53333260.0
2018-09-17,259.0138244628906,68244000,0.005425712220459511,258.8813018798828,254.73265197753906,47.88825017094884,-0.17650023539643112,56939880.0
2018-09-18,260.4191589355469,61930400,0.0010661616714995326,258.97975769042966,254.96557983398438,54.176867773516726,-0.12958621301269146,59219860.0
2018-09-19,260.6968078613281,49080600,0.008103470255181433,259.1758209228516,255.18615600585937,48.77384371452187,-0.09026894010601594,57073820.0
2018-09-20,262.8093566894531,100360600,-0.0009134045779614075,259.6610076904297,255.48550567626953,63.92208160536665,0.059530527268303546,66939100.0
2018-09-21,262.5693054199219,105479700,-0.0033221093156790005,260.172314453125,255.73511596679688,62.467998821903535,0.12045223388450599,77019060.0
2018-09-24,261.697021484375,53409600,-0.000927782250578657,260.5516387939453,255.96334259033202,60.09933819943383,0.08185131863632411,74052180.0
2018-09-25,261.4542236328125,44370000,-0.0029922967850434246,260.8216491699219,256.1911871337891,62.64772123749286,0.022880851413082715,70540100.0
2018-09-26,260.671875,79739700,0.0027945269885512047,261.0071502685547,256.38315551757813,62.62637733909869,-0.08025054748747684,76671920.0
2018-09-27,261.40032958984375,59249500,0.00010320392137552759,261.1124237060547,256.5791290283203,67.96676898438542,-0.10905600508822011,68449700.0
2018-09-28,261.42730712890625,70091400,0.0034739010908835244,261.21592102050784,256.7946188354492,66.69047047701102,-0.13428343883596194,61372040.0
2018-10-01,262.3354797363281,62078900,-0.0005826987221925206,261.54808654785154,257.03400329589846,66.87197004985939,-0.0994039030369187,63105900.0
2018-10-02,262.1826171875,47258200,0.0005489337927180316,261.72443237304685,257.2610202026367,65.72273337686147,-0.09616514939159826,63683540.0
2018-10-03,262.3265380859375,64694600,-0.007816153624581768,261.8874053955078,257.4656713867187,60.62046330022798,-0.09376879974243169,60674520.0
2018-10-04,260.2761535644531,111545900,-0.00559661351650409,261.6340850830078,257.5863461303711,49.486939669927146,-0.23184780074613842,71133800.0
2018-10-05,258.8194885253906,105951700,0.0,261.2591033935547,257.6898818969727,49.147683165136385,-0.41231748231483656,78305860.0
2018-10-08,258.8194885253906,87742200,-0.0014594982170138548,260.9713500976562,257.8277932739258,41.99774059599414,-0.5159955875945712,83438520.0
2018-10-09,258.4417419433594,74339000,-0.03166319089334402,260.67010192871095,257.9844683837891,38.83101571946796,-0.5890380890187521,88854680.0
2018-10-10,250.25865173339844,214731000,-0.02202640566391545,259.62877960205077,257.9527755737305,11.181200616552715,-1.1358260375084754,118861960.0
2018-10-11,244.74635314941406,274840500,0.013888167588203215,257.9633819580078,257.8192504882812,8.431408416319016,-1.7778524670532043,151520880.0
2018-10-12,248.1454315185547,183186500,-0.005616924230216314,256.6351943969727,257.7263153076172,21.726050057400016,-1.8731611011701232,166967840.0
2018-10-15,246.75161743164062,102263700,0.021865778696507965,255.0768081665039,257.58383880615236,20.730381108026165,-1.9224032631298518,169872140.0
2018-10-16,252.14703369140625,118255800,0.0001787020986996346,254.07324981689453,257.5306512451172,35.66235797962544,-1.502536131554632,178655500.0
2018-10-17,252.1920928955078,110626000,-0.014441305397055237,253.05980529785157,257.4615362548828,34.148592742412106,-1.1486732158908441,157834500.0
2018-10-18,248.55010986328125,134557500,-0.0005426368010765792,251.88720092773437,257.3217297363281,30.28627785528009,-1.0874109061238801,129777900.0
2018-10-19,248.4152374267578,139901600,-0.004488843186309044,250.8467758178711,257.18620727539064,28.172674456719648,-0.9864624246427764,121120920.0
2018-10-22,247.30014038085938,82415800,-0.005090558671275502,249.69484100341796,257.06257904052734,27.347432669707644,-0.9262386029692342,117151340.0
2018-10-23,246.04124450683594,146352700,-0.03029837901303223,248.4547912597656,256.93275146484376,26.02593747851985,-0.9017630614782197,122770720.0
2018-10-24,238.5865936279297,177806700,0.017940637161229844,247.28758544921874,256.6216036987305,22.453271526104956,-1.2943202073484135,136206860.0
2018-10-25,242.8669891357422,138061500,-0.017587563521222038,247.09964904785156,256.43402099609375,31.095528911754684,-1.1758336053755274,136907660.0
2018-10-26,238.59555053710938,201574600,-0.005540207658980556,246.14466094970703,256.1201885986328,28.236904829930765,-1.2863240576786983,149242260.0
2018-10-29,237.273681640625,160749100,0.014818358468647652,245.19686737060547,255.76201293945311,27.674571151954595,-1.3433743591103053,164908920.0
2018-10-30,240.78968811035156,157116000,0.010680785960146766,244.0611328125,255.46323638916016,38.92282438186033,-1.0521350125975277,167061580.0
2018-10-31,243.36151123046875,128296300,0.01064196115854732,243.1780746459961,255.2039016723633,48.26026632070202,-0.6157192571081702,157159500.0
2018-11-01,245.95135498046875,99495000,-0.005923070070057879,242.91819915771484,254.99940704345704,47.186443994403845,-0.10863399281856934,149446200.0
2018-11-02,244.49456787109375,122634100,0.005516876907702972,242.52613220214843,254.7725796508789,47.11035799850905,0.15816437408470785,133658100.0
2018-11-05,245.84341430664062,65622500,0.006327989645220633,242.38045959472657,254.54193634033203,40.9967762969782,0.43905804734398757,114632780.0
2018-11-06,247.39910888671875,60085900,0.02140882427461288,242.51624603271483,254.30176300048828,43.43754139233689,0.7262613382955094,95226760.0
2018-11-07,252.6956329345703,102752100,-0.0018146014823925416,243.9271499633789,254.16501525878905,55.42995152474988,1.2394394051623818,90117920.0
2018-11-08,252.23709106445312,65584900,-0.009768665524139797,244.86416015625,253.9911669921875,54.963908611554714,1.4972526463437328,83335900.0
2018-11-09,249.7730712890625,98812600,-0.018685112609541532,245.9819122314453,253.7891650390625,53.10316225150346,1.4500957095087026,78571600.0
2018-11-12,245.1060333251953,99673600,-0.0018712878430909852,246.76514739990233,253.49364227294922,48.918917965470285,1.0703648823166083,85381820.0
2018-11-13,244.64736938476562,98176600,-0.006836497494887128,247.15091552734376,253.19789764404297,58.3579632947292,0.7682183216798975,92999960.0
2018-11-14,242.97483825683594,125335900,0.010436396947700155,247.11224822998048,252.8826708984375,50.160253067435974,0.45132200520430477,97516720.0
2018-11-15,245.5106201171875,135101400,0.002601029323948678,247.06817474365235,252.6337335205078,60.83392222093661,0.40932910545786916,111420020.0
2018-11-16,246.14920043945312,126668000,-0.016914653531068247,247.23363800048827,252.4075927734375,64.20961395081139,0.41983376496576597,116991100.0
2018-11-19,241.9856719970703,103061700,-0.01850634976615151,246.84786376953124,252.08923065185547,51.875864577798836,0.1552759571257809,117668720.0
2018-11-20,237.5074005126953,136021300,0.0034077114553314747,245.85869293212892,251.66429626464844,41.33613897406227,-0.2882571899124968,125237660.0
2018-11-21,238.31675720214844,75563700,-0.006678692282470422,244.42080535888672,251.25429412841797,38.07249365293157,-0.4826167981258185,115283220.0
2018-11-23,236.72511291503906,42807900,0.016144174651864907,242.8696075439453,250.7818444824219,37.912739292291604,-0.6627368995125948,96824520.0
2018-11-26,240.54684448242188,79981400,0.0033649068494370216,241.94698486328124,250.3849346923828,42.34863066419906,-0.47751024868402947,87487200.0
2018-11-27,241.35626220703125,75502400,0.023024779352318392,241.57200775146484,250.03178344726564,41.07820158257705,-0.26415170830286083,81975340.0
2018-11-28,246.91343688964844,127629600,-0.0021848111439829454,241.79861450195312,249.76166900634766,41.528236083165666,0.25924756080925215,80297000.0
2018-11-29,246.3739776611328,82346400,0.006095365737117886,242.1385284423828,249.47521240234374,41.43000076277889,0.5598730866482318,81653540.0
2018-11-30,247.87571716308594,98204200,0.01324135877961563,242.37503814697266,249.1765396118164,47.146399821180964,0.8340975295745525,92732800.0
2018-12-03,251.15792846679688,103176300,-0.03240235078177334,242.87591094970702,248.9483120727539,59.497610852195635,1.1891234606635093,97371780.0
2018-12-04,243.0198211669922,177986000,-0.0015173408272364242,242.9793258666992,248.57476806640625,47.94187236108416,0.8446548469560753,117868500.0
2018-12-06,242.6510772705078,204185400,-0.023235702879964903,243.49369354248046,248.19870513916015,49.57662527765385,0.5737117004674701,133179660.0
2018-12-07,237.01290893554688,161018900,0.0018966221198672972,243.36330871582032,247.7255258178711,39.72170463203029,0.02546621751537259,148914160.0
2018-12-10,237.46243286132812,151445900,0.00022727947433098805,243.43704071044922,247.24676788330078,39.44476046316561,-0.27940280808365947,159562500.0
2018-12-11,237.5164031982422,121504400,0.005035695070145341,243.13399658203124,246.7685498046875,43.966891624118105,-0.4403529375443893,163228120.0
2018-12-12,238.71246337890625,97976700,-0.0003391659305074235,242.86961669921874,246.29608947753906,51.784891780977325,-0.42877106021719524,147226260.0
2018-12-13,238.63150024414062,96662700,-0.01846466202279262,242.04142303466796,245.82506713867187,50.47646590590428,-0.39017599333714736,125721720.0
2018-12-14,234.22525024414062,116961100,-0.019618524492146183,240.82655029296876,245.26304138183593,46.51281097264799,-0.6118132128261735,116910160.0
2018-12-17,229.63009643554688,165492300,-0.0010965484969870376,239.00198822021486,244.6501202392578,35.093310575198515,-0.9956013522719522,119719440.0
2018-12-18,229.3782958984375,134515100,-0.014975583627406586,236.82402496337892,244.06129638671874,33.39130596686505,-1.1814519027195427,122321580.0
2018-12-19,225.94322204589844,214992800,-0.016277925620373335,235.11636505126953,243.4037710571289,19.104405807266716,-1.4339527125277964,145724800.0
2018-12-20,222.2653350830078,252053400,-0.020489509370927528,233.07779083251953,242.68024291992188,17.487231406829395,-1.7272196011415852,176802940.0
2018-12-21,217.7112274169922,255345600,-0.026423117085787484,231.14762268066406,242.02929443359375,12.414680796857596,-2.0826460186893088,204479840.0
2018-12-24,211.9586181640625,147311600,0.050525019221189016,228.5972412109375,241.37353973388673,3.989712472194654,-2.5301395844264833,200843700.0
2018-12-26,222.66783142089844,218485400,0.007677232249227117,227.1123840332031,240.8639877319336,27.471547818919476,-1.9555589481859705,217637760.0
2018-12-27,224.37730407714844,186267300,-0.0012898517224759765,225.67886810302736,240.41650146484375,30.355113487239237,-1.3403677750973229,211892660.0
2018-12-28,224.087890625,153100200,0.008758718611907579,224.2245071411133,239.85531860351563,34.29962632897879,-0.8564813145052552,192102020.0
2018-12-31,226.0506134033203,144299400,0.0010403354075914084,223.40704345703125,239.33248901367188,36.62929086085924,-0.3345820647679565,169892780.0
2019-01-02,226.28578186035156,126925200,-0.02386265822379363,223.0726119995117,238.88720245361327,36.897227234597686,0.07429814300843507,165815500.0
2019-01-03,220.88600158691406,144140700,0.033495613597278595,222.22338256835937,238.3366177368164,31.0597033363715,0.031127424484499677,150946560.0
2019-01-04,228.2847137451172,142628800,0.00788456979130947,222.45753173828126,237.95630920410156,40.486127382547515,0.5235819651171294,142218860.0
2019-01-07,230.0846405029297,103139100,0.009395425784777478,223.23946228027344,237.63717712402342,46.00103688119811,0.9674460069632902,132226640.0
2019-01-08,232.2463836669922,102512600,0.004673434162703938,224.69297790527344,237.5103729248047,52.651411474826276,1.3784716516340758,123869280.0
2019-01-09,233.33177185058594,95006600,0.0035275504620795317,226.83029327392578,237.31966857910157,53.939983959956464,1.6755359056372328,117485560.0
2019-01-10,234.1548614501953,96823900,0.0003864958317294498,227.97899627685547,237.2308547973633,58.633065134517565,1.865040600591135,108022200.0
2019-01-11,234.245361328125,73858100,-0.00610103088270697,228.96580200195314,237.17028839111327,63.622382179649165,1.9261919290946299,94268060.0
2019-01-14,232.81622314453125,70908200,0.011460793543307979,229.83863525390626,237.01081909179686,68.48977993911707,1.8023182684672197,87821880.0
2019-01-15,235.48448181152344,85208300,0.0024197304025197486,230.78202209472656,236.85327850341798,81.1497471517958,1.8263466379967683,84361020.0
2019-01-16,236.05429077148438,77636700,0.007586915986201426,231.75887298583984,236.65533721923828,74.23053191471732,1.8037367564929276,80887040.0
2019-01-17,237.84521484375,96118400,0.013309960645196961,233.45479431152344,236.5223501586914,74.30629411994732,1.8268978029172132,80745940.0
2019-01-18,241.01092529296875,127900300,-0.01351044375612065,234.7274154663086,236.42570037841796,77.66931384308943,1.9611048251004581,91554380.0
2019-01-22,237.7547607421875,115531200,0.0020924820055789883,235.4944274902344,236.23281341552735,68.35984231048175,1.7435791452857374,100478980.0
2019-01-23,238.25225830078125,86030300,0.0005314427344516037,236.0950149536133,235.94394592285155,68.61811864259508,1.5525732546528173,100643380.0
2019-01-24,238.37887573242188,59204100,0.008461313045538876,236.59972534179687,235.66678161621093,82.55883898268982,1.3609949667553936,96956860.0
2019-01-25,240.3958740234375,96883400,-0.007600264151690683,237.22382659912108,235.47923767089844,78.18939658154505,1.2966384691021926,97109860.0
2019-01-28,238.5688018798828,85613700,-0.0013268439821437772,237.6561706542969,235.34849304199219,69.72243347086567,1.0671209027905668,88652540.0
2019-01-29,238.25225830078125,66136300,0.01583062744570607,238.19977416992188,235.2205908203125,65.27146749273095,0.8400814881507273,78773560.0
2019-01-30,242.02394104003906,92473700,0.008782266703426966,238.85372009277344,235.20157287597655,69.4455633461457,0.8854834494023609,80062240.0
2019-01-31,244.1494598388672,104012100,0.0004817325673027728,239.66323699951172,235.17434967041015,71.12805354025518,0.9921938083290365,89023840.0
2019-02-01,244.26707458496094,85782500,0.007035481060528204,240.3054229736328,235.13670715332032,71.16111409318992,1.0013359936270505,86803660.0
2019-02-04,245.98561096191406,60744800,0.004192008231791888,240.80289154052736,235.21670593261717,77.47176809188015,1.048729920601896,81829880.0
2019-02-05,247.01678466796875,79552800,-0.0013183439198660718,241.72909393310547,235.40689361572265,75.82028791813826,1.071358682756098,84513180.0
2019-02-06,246.69113159179688,58347800,-0.009532972725557642,242.57298126220704,235.57438110351563,74.07864376804787,0.9882475236787847,77688000.0
2019-02-07,244.3394317626953,95482000,0.0012216926603954015,243.16903686523438,235.72666748046876,64.33697974319053,0.7116674682240536,75981980.0
2019-02-08,244.637939453125,75788900,0.0005544954926814949,243.59324340820314,235.80848937988281,59.1677941600727,0.49583165858203104,73983260.0
2019-02-11,244.77359008789062,68021400,0.012859535047946347,244.2137222290039,235.8768359375,71.06394475583397,0.3178603777219422,75438580.0
2019-02-12,247.9212646484375,72270200,0.0032465997791204515,245.18062286376954,235.8969924926758,75.03504371970713,0.364447260779718,73982060.0
2019-02-13,248.72616577148438,65277200,-0.0022179663247511305,245.85084533691406,235.9440362548828,75.8821661447893,0.39899971251284505,75367940.0
2019-02-14,248.17449951171875,83234400,0.01089719831651581,246.25334930419922,235.95001190185548,70.9961926947846,0.33671555698578937,72918420.0
2019-02-15,250.87890625,97088700,0.0017306101595950807,246.91453247070314,235.94443145751953,81.72506191608355,0.4240286595075604,77178380.0
2019-02-19,251.31307983398438,59120800,0.0020154153714371237,247.44727935791016,236.11029663085938,83.45692736329609,0.4546819047656898,75398260.0
2019-02-20,251.819580078125,76610800,-0.0035557848976153217,247.92755889892578,236.29366668701172,80.13360858654846,0.45179436185555666,76266380.0
2019-02-21,250.92416381835938,64214700,0.006199981197436255,248.35086212158203,236.57189178466797,72.54691062732014,0.3375387055994068,76053880.0
2019-02-22,252.47988891601562,78114600,0.0013613132717558152,249.16490783691407,236.8722409057617,74.94524175660182,0.3151259398867352,75029920.0
2019-02-25,252.82359313964844,69030700,-0.000715671818662833,249.9834732055664,237.17838470458983,72.66205604754373,0.2733868564494011,69418320.0
2019-02-26,252.6426544189453,56844100,-0.00042929992524698424,250.77037963867187,237.4569885253906,69.75844872139771,0.18761785220733174,68962980.0
2019-02-27,252.53419494628906,56921600,-0.0018625890713163118,251.23167266845704,237.7350424194336,70.83916989650372,0.08294573678436468,65025140.0
2019-02-28,252.06382751464844,69268300,0.006243804578354162,251.56543884277343,238.09181396484374,81.81882179609343,-0.05137256783149535,66035860.0
2019-03-01,253.63766479492188,78880500,-0.0036376821202331877,252.11175537109375,238.57196533203125,83.54746309134055,-0.06665788445980336,66189040.0
2019-03-04,252.7150115966797,106494600,-0.0013597448268561907,252.2953659057617,239.0386996459961,77.96191648963777,-0.1657026119939502,73681820.0
2019-03-05,252.3713836669922,59114600,-0.006057410387830586,252.4011962890625,239.56726287841798,69.52426985578539,-0.2747243176119696,74135920.0
2019-03-06,250.84266662597656,75039800,-0.008365297025863416,252.30350494384766,240.13880950927734,58.73129978383727,-0.45928776805828875,77759560.0
2019-03-07,248.74429321289062,94885100,-0.0019997293534799176,252.08551788330078,240.7594708251953,52.08457541471562,-0.7168315287437732,82882920.0
2019-03-08,248.2468719482422,85795800,0.014501287624452797,251.66221618652344,241.4852359008789,38.516344734014446,-0.9028142344663181,84265980.0
2019-03-11,251.84677124023438,65098900,0.003770850461950026,251.56453399658204,242.06881469726562,51.82450605421354,-0.7706552144525167,75986840.0
2019-03-12,252.79644775390625,79667500,0.0066191359975584785,251.5799133300781,242.6371975708008,53.24135486810795,-0.613393665575654,80097420.0
2019-03-13,254.46974182128906,80639200,-0.0006398660089036445,251.77346801757812,243.24483459472657,61.18712139959501,-0.4010646181628408,81217300.0
2019-03-14,254.30691528320312,67518400,0.004940881150405918,251.9977767944336,243.80996063232422,56.3202300568808,-0.2816137891615593,75743960.0
2019-03-15,255.56341552734375,81309000,0.003625137951795754,252.1903518676758,244.39551330566405,58.91486646840075,-0.13541906372427537,74846600.0
2019-03-18,256.4898681640625,62199800,0.0002485525886828377,252.56783752441407,245.10759063720704,61.938891377496276,-0.0008797710145964643,74266780.0
2019-03-19,256.5536193847656,90268100,-0.0030099625907707983,252.9860610961914,245.67296875,62.50801287377978,0.06424776645898111,76386900.0
2019-03-20,255.78140258789062,84609200,0.011294711114849587,253.4799346923828,246.1869039916992,61.3553634266272,0.028959307783319677,77180900.0
2019-03-21,258.6703796386719,79550400,-0.019246267539441142,254.47254333496093,246.71538391113282,64.22925992524358,0.1661647614383881,79587300.0
2019-03-22,253.6919403076172,122659300,-0.0007523176864125958,255.01705017089844,247.12258728027345,52.24682824664295,-0.0981653358944814,87857360.0
2019-03-25,253.50108337402344,85575200,0.007454383187305957,255.18248138427734,247.50951171875,52.61657166768452,-0.29455745446549875,92532440.0
2019-03-26,255.39077758789062,68125900,-0.0052290424554990445,255.4419143676758,247.9324200439453,60.36092655148848,-0.3046248950421684,88104000.0
2019-03-27,254.05532836914062,72224700,0.0037903226290814107,255.40047302246094,248.3572021484375,62.534625939023776,-0.40250670288160206,85627100.0
2019-03-28,255.01828002929688,56238500,0.006305197704428833,255.47160949707032,248.74787811279296,65.63764386832511,-0.40270175996250224,80964720.0
2019-03-29,256.626220703125,82186800,0.01185949363596328,255.57789001464843,249.1593167114258,62.15586467904506,-0.29957889815055294,72870220.0
2019-04-01,259.669677734375,77617900,0.0004899601074457305,255.8958709716797,249.59580596923828,65.79848932934527,-0.04481013598573025,71278760.0
2019-04-02,259.7969055175781,40070400,0.0015733537726014823,256.22019958496094,249.97152557373047,63.18164964973129,0.10564713274982074,65667660.0
2019-04-03,260.2056579589844,68243200,0.00265328269699161,256.6626251220703,250.4205435180664,64.42047290855022,0.200562214415275,64871360.0
2019-04-04,260.89605712890625,48997500,0.004840425395032488,256.88519287109375,250.8734194946289,63.40764805269143,0.2732058382150204,63423160.0
2019-04-05,262.1589050292969,58621700,0.0007624770049157181,257.73188934326174,251.34902008056642,64.01633703856845,0.3639916941616437,58710140.0
2019-04-08,262.3587951660156,53566300,-0.005124827075762561,258.61766052246094,251.78827850341796,64.25695557217742,0.39272451324597135,53899820.0
2019-04-09,261.0142517089844,66142300,0.0034110008108345635,259.1800079345703,252.2371875,62.499981775264224,0.28160022665658024,59114200.0
2019-04-10,261.9045715332031,52601500,-0.00027767132221534485,259.9649322509766,252.71023376464845,58.541253955179734,0.2306234641233127,55985860.0
2019-04-11,261.83184814453125,55093100,0.006765966106530907,260.6462890625,253.10639190673828,79.01503029010843,0.15803348501722247,57204980.0
2019-04-12,263.6033935546875,69727800,-0.0006549154664706736,261.34400634765626,253.4954705810547,82.36313741055795,0.1930387830486051,59426200.0
2019-04-15,263.4307556152344,49596700,0.0006553446618255965,261.72011413574216,253.87874420166017,78.94017619790408,0.16913446691695366,58632280.0
2019-04-16,263.6033935546875,52153200,-0.0024468160480569656,262.10076293945315,254.23109985351562,87.5084818506379,0.13120905795031668,55834460.0
2019-04-17,262.9584045410156,58268300,0.0019688692353998505,262.37603759765625,254.54993225097655,81.9910586059688,0.034005518228492626,56967820.0
2019-04-18,263.47613525390625,68708500,0.0008624458017791881,262.63404541015626,254.88563232421876,80.25660243068661,-0.0211322840996937,59690900.0
2019-04-22,263.703369140625,40160100,0.008991518605647952,262.7884918212891,255.27291107177734,73.71788890404174,-0.06550434651204684,53777360.0
2019-04-23,266.074462890625,52246600,-0.0022195898300760852,263.16005859375,255.70164154052733,79.20515434351121,0.036162830803785795,54307340.0
2019-04-24,265.48388671875,50392900,-0.0006157912935365051,263.6070220947266,256.1158474731445,74.14743931622021,0.034945735079551454,53955280.0
2019-04-25,265.3204040527344,57770900,0.004656649588642425,263.9486053466797,256.46383026123044,71.2662932984413,-0.003516966241007058,53855800.0
2019-04-26,266.555908203125,50916400,0.0015675761325428805,264.42101135253904,256.82042510986327,71.19056373450208,0.025979872990013586,50297380.0
2019-04-29,266.9737548828125,57197700,0.0005105052515970154,264.75804748535154,257.1964102172852,71.7833405837393,0.04428595962092974,53704900.0
2019-04-30,267.11004638671875,81111700,-0.007516227634518535,265.1259765625,257.52103302001956,82.47760271856657,0.03654913379822977,59477920.0
2019-05-01,265.1023864746094,71671900,-0.002159004244909668,265.2758758544922,257.79681915283203,65.22485819230054,-0.124010581399002,63733720.0
2019-05-02,264.530029296875,65030200,0.00978770483103597,265.43303833007815,258.051028137207,62.262690707350906,-0.28005960482316583,65185580.0
2019-05-03,267.1191711425781,56543700,-0.004114950357941738,265.79734191894534,258.3749282836914,64.87318321365588,-0.22270327203667728,66311040.0
2019-05-06,266.0199890136719,107198100,-0.016699432358339372,266.02900390625,258.6457302856445,60.15726011128883,-0.26946794372467675,76311120.0
2019-05-07,261.5776062011719,144729900,-0.0013897420192209298,265.5793182373047,258.820810546875,44.047219776061176,-0.5917832478424652,89034760.0
2019-05-08,261.2140808105469,91568300,-0.003025657100217627,265.1523376464844,258.992239074707,44.788087682824525,-0.8082601037850234,93014040.0
2019-05-09,260.4237365722656,103471100,0.005023340186662839,264.6626708984375,259.15002990722655,41.025852679028056,-0.972447789803351,100702220.0
2019-05-10,261.73193359375,112429300,-0.02513020566128199,264.1802734375,259.3433920288086,44.55030757861561,-0.9591142414721936,111879340.0
2019-05-13,255.15455627441406,127290500,0.009043818165845652,262.9983535766602,259.37372985839846,25.509171137763147,-1.3362657061712417,115897820.0
2019-05-14,257.4621276855469,77003200,0.005857392130569572,262.03356170654297,259.46867218017576,33.295563735084926,-1.368332418131668,102352480.0
2019-05-15,258.9701843261719,73956400,0.009261089084467322,261.4203414916992,259.60064819335935,37.47759816187577,-1.2303301609249013,98830100.0
2019-05-16,261.3685302734375,76749600,-0.006464690857308608,261.1041915893555,259.8111654663086,40.21924136113543,-0.9333459200096578,93485800.0
2019-05-17,259.6788635253906,100353000,-0.00661240590577894,260.3601608276367,260.0298568725586,36.87501784486716,-0.8110433920743395,91070540.0
2019-05-20,257.9617614746094,62877600,0.00901549540861235,259.5543380737305,260.2241546630859,34.42628316358868,-0.8045416032763573,78187960.0
2019-05-21,260.28741455078125,46847100,-0.003071368156398302,259.4253189086914,260.39296752929687,41.8909570476725,-0.6111294082040516,72156740.0
2019-05-22,259.48797607421875,49482500,-0.012218299117171982,259.2527084350586,260.5267980957031,41.5729781176329,-0.5087475329712798,67261960.0
2019-05-23,256.3174743652344,98733800,0.002268005125841688,258.84208221435546,260.56375274658205,32.29075877306654,-0.618944903461689,71658800.0
2019-05-24,256.8988037109375,55268100,-0.009300480158136226,258.35876922607423,260.6155905151367,34.787625411251184,-0.6157623049900909,62641820.0
2019-05-28,254.509521484375,70029400,-0.006710738236363367,258.2942657470703,260.59451263427735,37.345152181420005,-0.7298562193816499,64072180.0
2019-05-29,252.80157470703125,104972900,0.0027318373857800893,257.8282104492188,260.5207467651367,35.62987282436667,-0.8663310618845608,75697340.0
2019-05-30,253.4921875,62523800,-0.013475641526951687,257.28041076660156,260.4595181274414,38.11914281948114,-0.8546345877434607,78305600.0
2019-05-31,250.0762176513672,86862800,-0.002543108958175888,256.1511795043945,260.3454144287109,31.368058106504193,-1.0108049767482148,75931400.0
2019-06-03,249.44024658203125,96428000,0.02170662144170943,255.1273178100586,260.16081176757814,38.72358876613581,-1.0842874970826724,84163380.0
2019-06-04,254.85475158691406,77231900,0.008662292262659799,254.81661682128907,260.18406799316404,45.41671159376675,-0.7134922295488892,85603880.0
2019-06-05,257.0623779296875,71169700,0.006502465744317565,254.49411315917968,260.25529388427736,46.72692565045252,-0.28669926355126885,78843240.0
2019-06-06,258.7339172363281,69430400,0.010007203185867564,254.41870727539063,260.3221566772461,45.364395230531805,0.11926040583418995,80224560.0
2019-06-07,261.3231201171875,74272200,0.0045886762592146635,254.91927185058594,260.467512512207,52.804302091606814,0.5491724187138798,77706440.0
2019-06-10,262.5222473144531,60799100,-0.00024202747883739217,255.4816162109375,260.61759185791016,57.917865877695306,0.8815975406656205,70580660.0
2019-06-11,262.4587097167969,58641300,-0.001765181860474474,256.2765350341797,260.7342416381836,54.09113439004728,1.0529038372986723,66862540.0
2019-06-12,261.99542236328125,47096300,0.0041260020598561375,257.1959197998047,260.7807565307617,54.785122580765396,1.086332940116188,62047860.0
2019-06-13,263.076416015625,48945200,-0.0011046938409983165,258.1543426513672,260.84634674072265,64.01634291775254,1.127667313725415,57950820.0
2019-06-14,262.7857971191406,52324700,0.00037998064096189665,259.42530059814453,260.8979495239258,62.35713434656219,1.0816864513091935,53561320.0
2019-06-17,262.8856506347656,39205700,0.010471037655453319,260.769841003418,260.937741394043,69.45151171970784,1.0058421382178702,49242640.0
2019-06-18,265.6383361816406,85434800,0.002257239612395434,261.84819946289065,261.0073300170898,78.43069664956641,1.0822609020546663,54601340.0
2019-06-19,266.2379455566406,78674400,0.009554469036007873,262.76575622558596,261.08491302490233,78.3433974914933,1.110238231982574,60916960.0
2019-06-20,268.7817077636719,116570000,-0.0014537710678439453,263.7705352783203,261.2402621459961,93.27506292427553,1.2279276260736394,74441920.0
2019-06-21,268.3909606933594,83309500,-0.0012242691140678108,264.4773193359375,261.3699899291992,94.34555392576236,1.2056051094845106,80638880.0
2019-06-24,268.0623779296875,47582700,-0.009807865965198892,265.0313323974609,261.49460052490235,90.56103872247782,1.0979153858776511,82314280.0
2019-06-25,265.4332580566406,82028700,-0.000997388165193236,265.3287872314453,261.5311978149414,75.05851313599348,0.7930471489139299,81633060.0
2019-06-26,265.16851806640625,51584900,0.003545730357846111,265.64609680175784,261.56595306396486,71.03378789541414,0.5296546221425402,76215160.0
2019-06-27,266.1087341308594,40355200,0.005145959489445406,265.94932861328124,261.6160598754883,67.53372795355796,0.38175602888165594,60972200.0
2019-06-28,267.4781188964844,59350900,0.009078096364254717,266.41856079101564,261.70645416259765,67.93378390317166,0.3405183289867879,56180480.0
2019-07-01,269.90631103515625,78705600,0.0026045052796777046,267.12062683105466,261.83505767822265,73.01228677309545,0.4350898618885921,62405060.0
2019-07-02,270.6092834472656,61504500,0.007995083071839604,267.6177215576172,261.97317596435545,76.22742283483151,0.49873524449228057,58300220.0
2019-07-03,272.7728271484375,40898900,-0.00113758667833197,268.2712097167969,262.1071432495117,77.69765609199891,0.6317338481042722,56163020.0
2019-07-05,272.4625244140625,51677300,-0.005494927672912264,268.63929138183596,262.246716003418,77.61038074456172,0.6419147510913348,58427440.0
2019-07-08,270.9653625488281,45841800,0.0012461998787474116,268.8967315673828,262.3596151733398,71.3511525732092,0.4973765683672693,55725620.0
2019-07-09,271.30303955078125,41101300,0.004778371524685188,269.2207977294922,262.45455780029295,67.15951552039402,0.37940189868028007,48204760.0
2019-07-10,272.59942626953125,58448500,0.0023441266076897893,269.9374145507812,262.5670712280273,68.4896780385346,0.3445790322061,47593560.0
2019-07-11,273.2384338378906,50826100,0.004476808283530476,270.74440612792966,262.6896389770508,64.56633538538878,0.32096181033423443,49579000.0
2019-07-12,274.461669921875,40326000,0.0003327936879278237,271.57969970703124,262.87682464599607,68.81745859071259,0.34215868531907345,47308740.0
2019-07-15,274.5530090332031,33900000,-0.0032253464187894654,272.2871887207031,263.07728424072263,70.41941969043243,0.3173181234747937,44920380.0
2019-07-16,273.66748046875,36650100,-0.006804656262322184,272.6633056640625,263.20825042724607,79.09683235667745,0.20185972630081483,44030140.0
2019-07-17,271.8052673339844,36036300,0.0036605788010237728,272.78290405273435,263.32395599365236,71.07284259975233,-0.027133461245202106,39547700.0
2019-07-18,272.80023193359375,51392600,-0.005555022318756708,272.78564453125,263.5484085083008,71.17306589261815,-0.13288360381118558,39661000.0
2019-07-19,271.2848205566406,58678600,0.0024568418715149587,272.6678741455078,263.7498233032227,61.93477769995905,-0.31574725769664136,43331520.0
2019-07-22,271.9513244628906,43638100,0.007149797768025046,272.76647033691404,263.98037506103515,57.20773144313819,-0.39739376374411606,45279140.0
2019-07-23,273.8957214355469,44564500,0.004699713593793398,273.02573852539064,264.2236508178711,60.65111347604711,-0.32886138678846644,46862020.0
2019-07-24,275.1829528808594,47213200,-0.004776984416994368,273.2840911865234,264.62421875,58.28144432163987,-0.2109816029334688,49097400.0
2019-07-25,273.868408203125,55394100,0.006699709832273193,273.3470886230469,264.95234436035156,54.518898388546006,-0.2339096777080929,49897700.0
2019-07-26,275.7032470703125,45084100,-0.0018209603371349692,273.47124633789065,265.28700561523436,64.90530750339389,-0.1423720350304465,47178800.0
2019-07-29,275.2012023925781,38126500,-0.0024548135003764626,273.53606567382815,265.5636590576172,62.138025797402776,-0.13269800649517194,46076480.0
2019-07-30,274.525634765625,45849000,-0.010940725167792098,273.62188110351565,265.8605944824219,56.239003309386085,-0.18561301754308213,46333380.0
2019-07-31,271.5221252441406,104245200,-0.008707422315489599,273.59356689453125,266.1318017578125,45.17926879862304,-0.4231244973330992,57739780.0
2019-08-01,269.1578674316406,142646600,-0.007529679078751017,273.2293304443359,266.3092108154297,36.00014821903551,-0.7221267862855205,75190280.0
2019-08-02,267.1311950683594,116749700,-0.03007338329132092,272.8139678955078,266.4620751953125,32.225486756709344,-1.0208063413561426,89523400.0
2019-08-05,259.09765625,178745400,0.01402337212983773,271.5286010742187,266.51767883300784,24.006311346703754,-1.6846438971485844,117647180.0
2019-08-06,262.7310791015625,120711700,0.0005908814459740785,270.4121368408203,266.6343243408203,34.77327078969873,-1.7941580700585251,132619720.0
2019-08-07,262.8863220214844,140572300,0.0196199115907707,269.18247375488284,266.8018603515625,32.88177820120585,-1.7683722401110082,139885140.0
2019-08-08,268.04412841796875,87713900,-0.006811813823325519,268.6000457763672,267.10671142578127,45.02954907355487,-1.3358523331700116,128898600.0
2019-08-09,266.21826171875,93730000,-0.012173294021624481,267.65154724121095,267.3612329101563,41.50882334595598,-1.1137098188967698,124294660.0
2019-08-12,262.9775085449219,65527600,0.015551718547698545,266.42917785644534,267.6192587280273,34.42715714917489,-1.1228292357507061,101651100.0
2019-08-13,267.0672607421875,94299800,-0.029567513706597714,265.68334045410154,267.9717990112305,39.28135265311058,-0.8060462135071637,96368720.0
2019-08-14,259.1707458496094,135622100,0.002641622785827469,264.4482025146484,268.05811889648436,33.46339761695313,-1.0646985669032838,95378680.0
2019-08-15,259.8553771972656,99556600,0.014755005348833228,263.51795349121096,268.1139788818359,31.695514951220048,-1.1204083126170035,97747220.0
2019-08-16,263.6895446777344,83018300,0.012047803740929952,263.1737884521484,268.21309143066406,37.65418603128887,-0.8424474912755398,95604880.0
2019-08-19,266.8664245605469,53571800,-0.007662373884736118,263.95066528320314,268.32395751953123,42.204051407033646,-0.4099460390367229,93213720.0
2019-08-20,264.82159423828125,51596400,0.008135359774981143,264.159716796875,268.3699444580078,43.04409506991609,-0.23555695057650383,84673040.0
2019-08-21,266.97601318359375,49524700,-0.0003077179830983656,264.5686859130859,268.4602905273438,47.725078641417404,0.03643370453682304,67453560.0
2019-08-22,266.89385986328125,51666400,-0.02568738166877016,264.4536590576172,268.5582592773437,49.74208290358205,0.21252507445351854,57875520.0
2019-08-23,260.0380554199219,149161500,0.011058186509519397,263.83563842773435,268.4974920654297,51.04879777109627,-0.11348534812429256,71104160.0
2019-08-26,262.9136047363281,72423800,-0.003923551909060685,263.829248046875,268.50004821777344,50.20706550000035,-0.11582252305556118,74874560.0
2019-08-27,261.8820495605469,66668900,0.007041315522462677,263.31072692871095,268.47997619628904,48.88291747683551,-0.16424335640736398,77889060.0
2019-08-28,263.7260437011719,59696700,0.012772838913301943,263.76625671386716,268.44173034667966,44.81459031617091,-0.05512505057457329,79923460.0
2019-08-29,267.0945739746094,57899400,-0.00044389067606775967,264.49017639160155,268.45886291503905,51.01473100352178,0.2444335493001868,81170060.0
2019-08-30,266.97601318359375,62901200,-0.005846984603813055,264.8188232421875,268.4227490234375,54.990975918768804,0.424557960480789,63918000.0
2019-09-03,265.4150085449219,69101400,0.01135031037289469,264.673681640625,268.36322998046876,47.7986756517857,0.42735986672027404,63253520.0
2019-09-04,268.42755126953125,46887300,0.012855290356775795,265.03427734375,268.37053344726564,64.17814731059858,0.6097716501173129,59297200.0
2019-09-05,271.8782653808594,83258100,0.0007719240979842112,265.5245025634766,268.49943359375,66.97634654729916,0.921770379105615,64009480.0
2019-09-06,272.088134765625,49584300,0.0005036012536867585,266.04393005371094,268.63782592773435,63.210977200917455,1.0897121657532738,62346460.0
2019-09-09,272.22515869140625,51260300,-0.0002347461524163652,267.26264038085935,268.7601544189453,59.32065560683124,1.1514255643578086,60018280.0
2019-09-10,272.1612548828125,57947100,0.007110867912511365,268.1874053955078,268.8538171386719,63.710983107122004,1.127874878616797,57787420.0
2019-09-11,274.0965576171875,68821100,0.003463860988626166,269.4088562011719,268.9376220703125,63.41145174714557,1.1771309185773045,62174180.0
2019-09-12,275.0459899902344,72908700,-0.0006639514631952004,270.5408508300781,269.0263562011719,64.86866786523359,1.203839857940795,60104300.0
2019-09-13,274.8633728027344,62104800,-0.0030884706901722625,271.31773071289064,269.0681671142578,85.73984591570682,1.1400280318961808,62608400.0
2019-09-16,274.01446533203125,58191200,0.002532045663469429,272.0215759277344,269.09920593261717,79.65930605542229,0.9777052213506081,63994580.0
2019-09-17,274.7082824707031,41475500,0.0005980020753992843,272.9509033203125,269.1740643310547,84.89899560243926,0.8583715566647616,60700260.0
2019-09-18,274.87255859375,73375800,-6.639262868624041e-05,273.59540405273435,269.2454547119141,83.379789475993,0.7364878507368053,61611200.0
2019-09-19,274.85430908203125,76560500,-0.004725070743933246,273.89300842285155,269.2905523681641,79.07090542817878,0.6060682092432197,62341560.0
2019-09-20,273.55560302734375,89565000,-0.00023460848941359025,274.0397552490234,269.2968957519531,72.6470588235294,0.3940381245848479,67833600.0
2019-09-23,273.4914245605469,43476800,-0.007846666845946815,274.1663818359375,269.2774908447266,80.99271112443553,0.2198577365946861,64890720.0
2019-09-24,271.3454284667969,94869400,0.005914672831092593,274.0847991943359,269.2133392333984,61.99489658944643,-0.0548262087373621,75569500.0
2019-09-25,272.9503479003906,71854000,-0.0020831756398145274,273.9701782226563,269.19899658203127,55.19560806214024,-0.1386048242734279,75265140.0
2019-09-26,272.3817443847656,56179700,-0.005387206518919885,273.70375366210936,269.21052612304686,51.375100406198456,-0.23672911252204965,71188980.0
2019-09-27,270.91436767578125,84746600,0.004637772517432692,273.30885314941406,269.1728088378906,44.54123053616727,-0.39551920514165384,70225300.0
2019-09-30,272.1708068847656,51662400,-0.011894386192824236,273.1244873046875,269.19052856445313,50.03618505476314,-0.40928037277783536,71862420.0
2019-10-01,268.9335021972656,88242400,-0.017665195673421064,272.54700927734376,269.13017211914064,32.1973722701473,-0.6172662412748475,70537020.0
2019-10-02,264.1827392578125,122539500,0.0081931535427886,271.47802734375,268.93591247558595,20.32248113718788,-1.031263921907998,80674120.0
2019-10-03,266.34722900390625,85278800,0.01353156731708105,270.6273193359375,268.7591979980469,29.007758772437924,-1.1090176425767637,86493940.0
2019-10-04,269.9513244628906,65091200,-0.004314154852632868,270.2668914794922,268.6808563232422,41.182119586885996,-0.8775442357945882,82562860.0
2019-10-07,268.7867126464844,59610500,-0.015525222923876147,269.7964202880859,268.54252563476564,37.406279531034194,-0.7667151316498011,84152480.0
2019-10-08,264.6137390136719,95708100,0.009496632572790098,269.1232513427734,268.3307763671875,31.360280703933427,-0.9275525080710033,85645620.0
2019-10-09,267.1266784667969,62359400,0.006763920926353029,268.54088439941404,268.18279724121095,37.12636467072504,-0.821440376990484,73609600.0
2019-10-10,268.9335021972656,55296300,0.010366513689269885,268.19606018066406,268.13102478027344,42.42812677164646,-0.5967624665578937,67613100.0
2019-10-11,271.7214050292969,98720400,-0.0011134613023903173,268.2767639160156,268.1822955322266,47.33793533936735,-0.24557749129976614,74338940.0
2019-10-14,271.4188537597656,40394800,0.009900096167543948,268.2015686035156,268.2680487060547,50.11691257505049,-0.03017587548644937,70495800.0
2019-10-15,274.1059265136719,46754500,-0.0016060071011677612,268.71881103515625,268.56821411132813,51.77869177421992,0.2796872503456257,60705080.0
2019-10-16,273.66571044921875,48928200,0.0029489896713434938,269.6671081542969,268.78690673828123,51.98415056398299,0.43229975326405107,58018840.0
2019-10-17,274.4727478027344,45736600,-0.004377177789936626,270.4796600341797,269.01863525390627,55.61343322527006,0.5569619133481555,56106900.0
2019-10-18,273.2713317871094,64304000,0.006779119677080558,270.81166076660156,269.12317932128906,51.7391245637962,0.5281261128381927,49223620.0
2019-10-21,275.1238708496094,39048600,-0.0032665728183738363,271.44537658691405,269.30129150390627,60.230177222339904,0.5982849569391293,48954380.0
2019-10-22,274.22515869140625,48594700,0.002909587449545503,272.4065185546875,269.52624450683595,69.01729801453098,0.5498718459792405,49322420.0
2019-10-23,275.0230407714844,34352200,0.0016339406932235345,273.19615478515624,269.6853601074219,67.32613770028217,0.5366974375520502,46407220.0
2019-10-24,275.472412109375,35453100,0.004094750229320265,273.8500457763672,270.0113934326172,62.615563343844265,0.5228362060400287,44350520.0
2019-10-25,276.60040283203125,45205400,0.005636696595033186,274.33794555664065,270.3462939453125,67.88403966858098,0.5513873700695421,40530800.0
2019-10-28,278.1595153808594,42147000,-0.0002967723348061835,275.01201171875,270.635693359375,85.21755688850804,0.6312815671793321,41150480.0
2019-10-29,278.07696533203125,44284900,0.003067045682266567,275.40911560058595,270.8599041748047,82.58785449221766,0.6329625067666396,40288520.0
2019-10-30,278.9298400878906,49643900,-0.0026630275603658493,275.93552856445314,271.1420690917969,81.53970289746226,0.643786750274814,43346860.0
2019-10-31,278.1870422363281,69053800,0.009263865712891173,276.3069580078125,271.36628967285156,73.42261667860649,0.5564749965623608,50067000.0
2019-11-01,280.7641296386719,71141500,0.004017791586354846,277.0562377929688,271.64369506835936,79.06473044798786,0.6228295293742485,55254220.0
2019-11-04,281.8921813964844,60606900,-0.0011059816436926884,277.7330688476562,272.0807775878906,76.81653262254211,0.6881270752078235,58946200.0
2019-11-05,281.5804138183594,42933200,0.00022770558069429292,278.4685943603516,272.45411376953126,77.50225342255119,0.655884829691689,58675860.0
2019-11-06,281.64453125,46487100,0.0035167681446859334,279.1307434082031,272.8493634033203,76.27744816743858,0.5866899333936679,58044500.0
2019-11-07,282.635009765625,54272300,0.0024660461114667243,279.8470031738281,273.22754272460935,84.84721146442126,0.5557421574786727,55088200.0
2019-11-08,283.3320007324219,49032100,-0.0019095836022033907,280.52016296386716,273.55229125976564,83.42130899836971,0.5303929306842718,50666320.0
2019-11-11,282.79095458984375,35797300,0.0021079169748559057,280.9833068847656,273.86859008789065,85.92396535129933,0.42966410555662815,45704400.0
2019-11-12,283.3870544433594,46484600,0.00032381986397411744,281.5143157958984,274.22803100585935,85.68162644641872,0.3585598894804112,46414680.0
2019-11-13,283.47882080078125,53917700,0.001455587308647921,281.9692138671875,274.52905639648435,85.2310022721535,0.276748588911488,47900800.0
2019-11-14,283.8914489746094,51219900,0.0072365065296577935,282.53965454101564,274.7693200683594,84.23872075392742,0.2123608642925543,47290320.0
2019-11-15,285.9458312988281,62023600,0.0007375766992785415,283.0578247070313,275.0464739990234,84.9392805692344,0.2665581115233904,49888620.0
2019-11-18,286.15673828125,49228000,-0.00028837179143725855,283.4842803955078,275.3251055908203,85.84320712212451,0.2739871830062688,52574760.0
2019-11-19,286.07421875,67804700,-0.0037188716119341825,283.93366088867185,275.6033648681641,84.0187744307366,0.2323631569606608,56838780.0
2019-11-20,285.0103454589844,79406200,-0.0016090210541159777,284.27024230957034,275.821640625,81.52597530780642,0.09901829296244502,61936480.0
2019-11-21,284.5517578125,54664700,0.0022238924294994966,284.4619171142578,276.01175598144533,71.7599329562708,-0.04642302416637856,62625440.0
2019-11-22,285.1845703125,44850200,0.007750193473935907,284.6471740722656,276.21817993164063,70.05603084484996,-0.12206547449460947,59190760.0
2019-11-25,287.3948059082031,48647200,0.002265604783000086,285.10755920410156,276.48578674316406,78.7657623925017,-0.04904837637409809,59074600.0
2019-11-26,288.0459289550781,37569000,0.004457822479371876,285.5734466552734,276.7525396728516,79.93139328145021,0.013930840437720526,53027460.0
2019-11-27,289.3299865722656,44444600,-0.003708983399546395,286.1585632324219,277.04168823242185,80.46763678987176,0.10767768752132012,46035140.0
2019-11-29,288.2568664550781,36592700,-0.008494642109062145,286.59510498046876,277.3097393798828,71.67031916379301,0.0651197291161929,42420740.0
2019-12-02,285.8082275390625,75767800,-0.006706519896076624,286.5813446044922,277.5547918701172,61.368131059477165,-0.1485712995166053,48604260.0
2019-12-03,283.8914489746094,73941700,0.006170455321145685,286.3548156738281,277.7627923583984,51.72839299607641,-0.42404247518255866,53663160.0
2019-12-04,285.6431884765625,49080000,0.0017978716993969357,286.31171264648435,278.04874755859373,56.65901758787364,-0.48871286465874775,55965360.0
2019-12-05,286.15673828125,40709000,0.009133728579009626,286.4263519287109,278.31287536621096,56.92650508647284,-0.49577177492957114,55218240.0
2019-12-06,288.7704162597656,48927000,-0.003143590298009147,286.8482177734375,278.6406488037109,58.3510177566046,-0.33119564848281513,57685100.0
2019-12-09,287.8626403808594,34838500,-0.0011153772473855295,287.11602478027345,278.9796142578125,54.843976117644,-0.2916454551876857,49499240.0
2019-12-10,287.54156494140625,52649800,0.0028387327664287643,287.1307006835938,279.28702941894534,54.11089375731004,-0.29442581073045204,45240860.0
2019-12-11,288.3578186035156,53429100,0.008619090309791355,287.1618896484375,279.67551574707034,59.51017690368269,-0.2503396411414145,46110680.0
2019-12-12,290.84320068359375,96389600,0.000599243469547206,287.31321105957034,280.20872497558594,66.02815683737825,-0.0720990604870213,57246800.0
2019-12-13,291.0174865722656,81503900,0.006869607902046715,287.5892730712891,280.70213012695314,65.21548766333326,0.03355880880338713,63762180.0
2019-12-16,293.01666259765625,82749700,0.00021954742818097728,288.31011657714845,281.16343688964844,64.82820350595891,0.20456821860785412,73344420.0
2019-12-17,293.08099365234375,61097700,6.216368353872959e-05,289.22907104492185,281.6493225097656,63.70470293698905,0.2836305738654632,75034000.0
2019-12-18,293.0992126464844,48133000,0.0040992162344373195,289.97467346191405,282.2190319824219,61.018548916611955,0.2973285019082912,73974780.0
2019-12-19,294.3006896972656,85310500,0.00438402699394258,290.7890686035156,282.76251220703125,67.53626011652824,0.34417429833852786,71758960.0
2019-12-20,295.5909118652344,147142100,0.0015277841874232756,291.4711181640625,283.2956604003906,80.43025492157939,0.41421986564413205,84886600.0
2019-12-23,296.0425109863281,52990000,3.1440961965500946e-05,292.2891052246094,283.78208251953123,91.58825987048256,0.4406716409600251,78934660.0
2019-12-24,296.05181884765625,20270000,0.005323045211918842,293.1401306152344,284.27474182128907,90.44909441086897,0.40918265150370825,70769120.0
2019-12-26,297.6277160644531,30911200,-0.0002478296957806325,294.06712036132814,284.7451776123047,91.17754675021637,0.4420716808434766,67324760.0
2019-12-27,297.553955078125,42528800,-0.005513090538825316,294.7381958007812,285.22294250488284,88.56230254537269,0.40730260448690947,58768420.0
2019-12-30,295.91351318359375,49729100,0.0024293316739019133,295.22779846191406,285.6517578125,83.20925489998615,0.23103915013725285,39285820.0
2019-12-31,296.63238525390625,57077300,0.009351495105477836,295.58937072753906,286.1189788818359,86.30743729127562,0.12536910289287784,40103280.0
2020-01-02,299.4063415527344,59151200,-0.007572153839991214,296.22190551757814,286.60462829589846,88.15907078713268,0.20034996695590213,47879520.0
2020-01-03,297.1391906738281,77709700,0.0038152725314242186,296.6259033203125,287.0629089355469,72.07771777864815,0.0624603804037096,57239220.0
2020-01-06,298.2728576660156,55653900,-0.0028120061736447433,297.0231201171875,287.5279052734375,73.83799978342216,0.015266011131827018,59864240.0
2020-01-07,297.4341125488281,40496400,0.0053294981767992855,297.2074401855469,287.9671392822266,65.71191014260563,-0.09851787341830365,58017700.0
2020-01-08,299.019287109375,68296000,0.006780997123572163,297.50511779785154,288.41551696777344,69.05927017136946,-0.0931606035680499,60261440.0
2020-01-09,301.04693603515625,48473300,-0.002877734014576805,298.00462951660154,288.8732653808594,72.59426604270884,0.015041208922992766,58125860.0
2020-01-10,300.18060302734375,53029300,0.006877370170423447,298.2599182128906,289.3153381347656,67.04048367439714,-0.0026895775844781866,53189780.0
2020-01-13,302.24505615234375,47086800,-0.0015247427141813485,298.7290283203125,289.78164245605467,68.4560418073874,0.08861905393969005,51476360.0
2020-01-14,301.7842102050781,62832800,0.002259915571706239,299.31609802246095,290.2535858154297,65.9171048980393,0.08212426291407438,55943640.0
2020-01-15,302.4662170410156,72056600,0.008318557980743657,299.89948120117185,290.68762756347655,67.14258916410436,0.08741566598341288,56695760.0
2020-01-16,304.9822998046875,54050300,0.0031124733080774014,300.4570770263672,291.1494299316406,68.71477317379629,0.21666424606954582,57811160.0
2020-01-17,305.9315490722656,95846000,-0.0019582503929019834,301.33631286621096,291.63645263671873,70.40863815532205,0.3163458841634821,66374500.0
2020-01-21,305.33245849609375,77742400,0.00012053811573142781,302.0422729492187,292.11021118164064,74.17187216099545,0.2927376117545126,72505620.0
2020-01-22,305.3692626953125,48914900,0.001147072755872669,302.8357879638672,292.56489624023436,73.23488259603492,0.2330053073825824,69722040.0
2020-01-23,305.71954345703125,51963000,-0.008893154177885831,303.5058135986328,293.01264709472656,69.27397099461669,0.17323670136596414,65703320.0
2020-01-24,303.000732421875,87578400,-0.016029445060837588,303.70119323730466,293.4168426513672,67.41480327639951,-0.07967859873110816,72408940.0
2020-01-27,298.143798828125,84062500,0.010479267472815579,303.4975128173828,293.7119775390625,49.686025809881166,-0.576664649852138,70052240.0
2020-01-28,301.26812744140625,63834000,-0.0008258749990123215,303.3998199462891,294.067763671875,58.393921617623676,-0.6899168454953188,67270560.0
2020-01-29,301.0193176269531,53888900,0.0032451992898072657,303.3233306884766,294.4103210449219,54.65087067659995,-0.7704085815940411,68265360.0
2020-01-30,301.9961853027344,75491800,-0.018157986242865798,303.2763275146484,294.731328125,52.320801032627756,-0.7461713954975049,72971120.0
2020-01-31,296.5125427246094,113845600,0.007428786152666067,302.4293518066406,294.9384442138672,42.68383986560105,-1.0681566991797182,78224560.0
2020-02-03,298.71527099609375,69083000,0.015241152142629,301.7077239990234,295.1912652587891,42.99825900824005,-1.0973077742948543,75228660.0
2020-02-04,303.2680358886719,62573200,0.011548090578634262,301.50128173828125,295.5564190673828,52.53226394458621,-0.7889130471342525,74976500.0
2020-02-05,306.77020263671875,65951100,0.0033646212000779663,301.64137573242186,296.0007879638672,56.70015325983576,-0.3503663384319635,77388940.0
2020-02-06,307.8023681640625,50359700,-0.005329430656227929,301.849658203125,296.4531439208984,54.60274387449743,-0.010063384071414383,72362520.0
2020-02-07,306.1619567871094,64139400,0.007465375638623817,302.16578063964846,296.82848693847654,50.36776023786051,0.08028836725662902,62421280.0
2020-02-10,308.44757080078125,42070000,0.0017329213502044194,303.19615783691404,297.2365197753906,54.71810440139478,0.2596059338684431,57018680.0
2020-02-11,308.9820861816406,54864500,0.006442841657427811,303.9675537109375,297.62956176757814,55.39065822630337,0.3729427084992496,55476940.0
2020-02-12,310.9728088378906,43992700,-0.0010670309992475424,304.96290283203126,298.08388061523436,57.47253672694565,0.5310644344489539,51085260.0
2020-02-13,310.6409912109375,54501900,0.0016021087948581147,305.82738342285154,298.5805358886719,61.65971493879437,0.5595379998327896,51913700.0
2020-02-14,311.138671875,64582200,-0.002576850404574893,307.2899963378906,299.1254803466797,72.87488584474886,0.5569193213172565,52002260.0
2020-02-18,310.3369140625,57226200,0.004781043000770868,308.45216064453126,299.6193548583984,67.38536747464441,0.4507534425019033,55033500.0
2020-02-19,311.8206481933594,48814700,-0.004108149562246588,309.307421875,300.1326330566406,69.77064271430328,0.4300789736053252,53823540.0
2020-02-20,310.5396423339844,74163400,-0.010298490638982027,309.6843658447266,300.568017578125,65.46566255209507,0.28665316980765754,59857680.0
2020-02-21,307.341552734375,113788200,-0.033165431565267633,309.63828430175784,300.9575958251953,71.37149279134842,-0.049189321185082235,71714940.0
2020-02-24,297.1484375,161088400,-0.03030186012882874,308.7369323730469,301.1497332763672,47.64920165712465,-0.9343235275922557,91016180.0
2020-02-25,288.144287109375,218913200,-0.0036783863268371464,306.70660400390625,301.14546264648436,29.982833484802583,-2.039336470954459,123353580.0
2020-02-26,287.0843811035156,194773800,-0.044911647814579125,304.51683349609374,301.07028625488283,22.1437720182373,-2.7126073646775968,152545400.0
2020-02-27,274.1909484863281,284353500,-0.004201703587069061,300.8386474609375,300.73375549316404,14.39162970727125,-3.8289821753151174,194583420.0
2020-02-28,273.03887939453125,384975800,0.04330688331583388,297.07843627929685,300.3341998291016,14.542098574662788,-4.406530309304263,248820940.0
2020-03-02,284.86334228515625,238703600,-0.028632685843185235,294.4509033203125,300.1698468017578,29.034921902637095,-3.777900964143126,264343980.0
2020-03-03,276.7069396972656,300139100,0.04203324248138851,291.08790588378906,299.8420013427734,24.73306581780338,-3.6927382870314176,280589160.0
2020-03-04,288.33782958984375,176613400,-0.03324180319453729,288.7396240234375,299.722744140625,34.60383845906986,-2.6814790801122736,276957080.0
2020-03-05,278.7529602050781,186366800,-0.01653131967992305,285.5609558105469,299.3859851074219,30.73500026364978,-2.4906009484013603,257359740.0
2020-03-06,274.1448059082031,228667200,-0.07809447592984087,282.2412811279297,298.9480310058594,28.707840834560812,-2.500649014530457,226098020.0
2020-03-09,252.73561096191406,309417300,0.0517453637356029,277.7999984741211,298.0817068481445,23.203580466440215,-3.702610671666039,240240760.0
2020-03-10,265.8135070800781,276444100,-0.04874849271145698,275.5669204711914,297.445422668457,30.681223177478117,-3.3793072779441458,235501760.0
2020-03-11,252.85549926757812,255316300,-0.0956773759291607,272.14403228759767,296.5514535522461,27.941162397766604,-3.7707938371577434,251242340.0
2020-03-12,228.66294860839844,392220700,0.08548601979693249,267.5912322998047,295.20644226074216,24.07540568823785,-5.29814239538047,292413120.0
2020-03-13,248.21043395996094,329566100,-0.10942347992855839,265.10838775634767,294.2380032348633,34.81124645582443,-4.653898662303348,312592900.0
2020-03-16,221.05038452148438,297240000,0.05399199738133276,258.72709197998046,292.67088409423826,31.285385710199805,-5.652473849367844,310157440.0
2020-03-17,232.98533630371094,262070500,-0.050632830977579535,254.354931640625,291.38780700683594,35.77317462130189,-5.12055437137796,307282720.0
2020-03-18,221.18862915039062,327597100,0.002124888709281514,247.6400115966797,289.84612243652344,35.98072149423595,-5.16006283852251,321738880.0
2020-03-19,221.65863037109375,289322000,-0.04309426418533702,241.93057861328126,288.33061279296874,36.36055053333606,-4.761066674000915,301159140.0
2020-03-20,212.10641479492188,347158800,-0.02556816587708477,235.72673950195312,286.5923553466797,30.450029184335932,-4.736883368087433,304677680.0
2020-03-23,206.68324279785156,326025200,0.09060358165439197,231.1215026855469,284.7050814819336,30.903962649760444,-4.674590999086309,310434720.0
2020-03-24,225.40948486328125,235494500,0.014969975161848836,227.0811004638672,283.2096591186523,33.47830030413178,-3.039864550059761,305119520.0
2020-03-25,228.7838592529297,299430300,0.05838986142001179,224.67393646240234,281.74043518066406,36.438465787344015,-1.4780538085943462,299486160.0
2020-03-26,242.14251708984375,257632800,-0.029785585175472362,226.0218933105469,280.5476013183594,41.70845708896395,0.5967245082534482,293148320.0
2020-03-27,234.93016052246094,224341200,0.03247561456479753,224.69386596679686,279.19688018798826,45.02042019549312,1.570103518238799,268584800.0
2020-03-30,242.55966186523438,171369500,-0.014905459667257759,226.84479370117188,277.9484274291992,43.292273802118814,2.7457147592196876,237653660.0
2020-03-31,238.94419860839844,194881100,-0.04500497367499634,227.44067993164063,276.6086804199219,45.75858760736108,3.2625683510448695,229530980.0
2020-04-01,228.19052124023438,189554600,0.023075430363202365,228.140869140625,275.0658416748047,49.84310457239117,2.8764508896551604,207555840.0
2020-04-02,233.45611572265625,177660400,-0.014454129405782279,229.32061767578125,273.62757873535156,44.5864837189564,2.9603660730623,191561360.0
2020-04-03,230.0817108154297,135561200,0.06716622559004848,231.11814727783204,272.11482208251954,54.01437526392203,2.776357790070721,173805360.0
2020-04-06,245.53543090820312,188061200,0.0010194880374063686,235.00336608886718,270.9655160522461,55.40923963262448,3.629305357698117,177143700.0
2020-04-07,245.78575134277344,201427200,0.03356842625768919,237.0409927368164,269.91835510253907,61.773498215201535,4.108966473080276,178452920.0
2020-04-08,254.03639221191406,153774500,0.015217620727933312,239.56624603271484,268.9737203979492,64.42340672638113,4.8307108378611066,171296900.0
2020-04-09,257.9022216796875,189999200,-0.009130522758415083,241.14221649169923,268.1113784790039,71.48949180309089,5.375514674137152,173764660.0
2020-04-13,255.5474395751953,114839100,0.029493197127199,243.20394439697264,267.1824035644531,73.60918486058009,5.371619314354554,169620240.0
2020-04-14,263.0843505859375,134143400,-0.021248388190908685,245.25641326904298,266.5138397216797,70.40975240075348,5.643035868580096,158836680.0
2020-04-15,257.4942321777344,121775000,0.004824374218599159,247.11141662597657,265.6894189453125,65.18874828723636,5.2221865219646215,142906240.0
2020-04-16,258.7364807128906,131798300,0.02701551270381941,250.1660125732422,264.79878784179687,60.069694192977764,4.813623215538262,138511000.0
2020-04-17,265.72637939453125,146684800,-0.017617931207781212,253.39303894042968,263.9779113769531,68.73862295802813,4.790008508509826,129848120.0
2020-04-20,261.0448303222656,100109300,-0.030363341145349,256.4893508911133,263.0427606201172,61.66622368598448,4.253148120520016,126902160.0
2020-04-21,253.11863708496094,126385700,0.02219450804819245,257.24767150878904,261.98189422607425,58.484041231810565,3.20597899616045,125350620.0
2020-04-22,258.7364807128906,92951600,-7.194858106196467e-05,258.5427444458008,260.98767242431643,69.48082785100738,2.7508942947957475,119585940.0
2020-04-23,258.7178649902344,104709700,0.013938976371683287,259.0108917236328,259.9823880004883,67.26636157324745,2.324797418715973,114168220.0
2020-04-24,262.3241271972656,85063200,0.014418491183581184,259.4530822753906,259.0094143676758,71.96800818404962,2.165238809794549,101843900.0
2020-04-27,266.1064453125,77896600,-0.004598627304187586,260.5089828491211,258.11872344970703,66.66653479897677,2.1874060084940115,97401360.0
2020-04-28,264.8827209472656,105270000,0.026178623928056366,260.6888198852539,257.1936044311523,65.23201722582189,1.9978539047752542,93178220.0
2020-04-29,271.8169860839844,118745600,-0.009310760119767836,262.12109527587893,256.423205871582,64.48625689678792,2.2016071967726125,98337020.0
2020-04-30,269.2861633300781,122901700,-0.02647334776448107,263.17606353759766,255.5725161743164,59.48100007879039,2.032137901810892,101975420.0
2020-05-01,262.1572570800781,125180000,0.00275820514811409,262.8191513061523,254.60486846923828,55.09940629100335,1.3395531802462015,109998780.0
2020-05-04,262.8803405761719,80873200,0.009239310183823735,263.002702331543,253.71564422607423,49.82411671598941,0.8534388085175255,110594100.0
2020-05-05,265.3091735839844,79569900,-0.006778855051807309,264.2217559814453,253.0788589477539,57.12592642887236,0.6291307599210549,105454080.0
2020-05-06,263.51068115234375,73632600,0.012066751919402652,264.6991760253906,252.58618682861328,54.309560198474315,0.30946449118669106,96431480.0
2020-05-07,266.6903991699219,75250400,0.01654645527343157,265.4964294433594,252.1783071899414,50.93447852731698,0.2637794001842302,86901220.0
2020-05-08,271.1031799316406,76452400,0.00020487399742608048,266.37433471679685,252.11655181884765,59.801193895278125,0.47030526850964804,77155700.0
2020-05-11,271.1587219238281,79514200,-0.01993128222939189,266.8795623779297,252.0789486694336,70.76379285575541,0.544944932910937,76883900.0
2020-05-12,265.7541809082031,95870800,-0.017685792284152235,266.9667083740234,251.69676544189454,58.117094907701556,0.18331636366656312,80144080.0
2020-05-13,261.0541076660156,144721100,0.011967074500413233,265.8904205322266,251.38370880126953,52.43819009436306,-0.3882598428822801,94361780.0
2020-05-14,264.17816162109375,121977900,0.0045970757538476015,265.37962036132814,250.90051544189453,51.95461275483513,-0.561261750039185,103707280.0
2020-05-15,265.3926086425781,111146300,0.03045966801147837,265.7031555175781,250.63330841064453,49.204360151270556,-0.595963386411352,110646060.0
2020-05-18,273.47637939453125,119703800,-0.010271195814345102,266.76275939941405,250.6199398803711,58.30797544636667,-0.10241946166241567,118683980.0
2020-05-19,270.6674499511719,95189300,0.016988169549310372,267.2985870361328,250.97857666015625,48.792351688937906,0.001432914441549915,118547680.0
2020-05-20,275.2655944824219,85861700,-0.006904287108187357,268.4740783691406,251.1676184082031,56.020210139236596,0.32828895515369716,106775800.0
2020-05-21,273.3650817871094,78293900,0.0018992753326299017,269.14154663085935,251.57781005859374,62.61207243516042,0.3623076796993603,98039000.0
2020-05-22,273.88427734375,63958200,0.012320494192524789,269.41965637207034,252.48223663330077,62.43972077496883,0.3645926851901464,88601380.0
2020-05-26,277.2586669921875,88951400,0.014878904311754093,270.02965087890624,253.06320129394533,63.22590102825072,0.5282486628034464,82450900.0
2020-05-27,281.38397216796875,104817400,-0.0018448243512476648,271.59263000488284,254.269873046875,68.81343453305631,0.8311874118159803,84376520.0
2020-05-28,280.8648681640625,90405200,0.004455971610429987,273.5737060546875,255.22746368408204,65.80532932065556,0.9072555658755999,85285220.0
2020-05-29,282.11639404296875,119090800,0.004041910823753714,275.367529296875,256.4460189819336,63.21177663636597,0.9480676515533313,93444600.0
2020-06-01,283.2566833496094,55758300,0.008279899652598122,277.1539367675781,257.67798004150393,64.14493684435881,0.9553827834975781,91804620.0
2020-06-02,285.6020202636719,74267200,0.01330828402132922,278.3665008544922,259.14789215087893,74.99408173053274,1.0160450149583262,88867780.0
2020-06-03,289.40289306640625,92567600,-0.0026264468551285836,280.24004516601565,260.80228515625,86.5264066826519,1.1975372883821498,86417820.0
2020-06-04,288.6427917480469,75794400,0.02562927358526368,281.5777648925781,262.0669512939453,83.56659958848667,1.1514492235087443,83495660.0
2020-06-05,296.0404968261719,150524700,0.012087534295364577,283.8453063964844,263.41208404541015,85.95044754149299,1.4831219844778918,89782440.0
2020-06-08,299.618896484375,73641200,-0.0074566771427569956,286.41876831054685,264.5616116333008,84.28993443331652,1.7870615941355714,93359020.0
2020-06-09,297.3847351074219,77479200,-0.0055801598057939605,288.43137512207034,265.810703125,85.5803088087551,1.6826684443373132,94001420.0
2020-06-10,295.72528076171875,95000800,-0.05764873132235182,289.8655059814453,266.8740155029297,79.56059228505592,1.3606540114066803,94488060.0
2020-06-11,278.6770935058594,209243600,0.01197565708257109,289.646728515625,267.6686734008789,55.3382729982703,-0.06605488625281097,121177900.0
2020-06-12,282.0144348144531,194678900,0.009335628455167777,289.63653259277345,268.7451516723633,57.7323770741604,-0.8092670738572529,130008740.0
2020-06-15,284.647216796875,135782700,0.019247543774632003,289.7755859375,269.76897369384767,57.127598941111074,-1.1282352010147374,142437040.0
2020-06-16,290.1259765625,137627500,-0.004153637462174675,290.2279815673828,270.96985900878906,58.218638070985016,-0.9803794041192928,154466700.0
2020-06-17,288.9208984375,83398900,0.0003847957614371289,290.1797821044922,271.837568359375,57.477288846892044,-0.9719906972463974,152146320.0
2020-06-18,289.0320739746094,80828700,-0.005715023002315633,290.2187103271484,272.7024948120117,56.55767733795566,-0.9652414132293536,126463340.0
2020-06-19,287.3802490234375,135549600,0.006415609592820282,289.352685546875,273.3693719482422,53.87253404348372,-1.0701840883607394,114637480.0
2020-06-22,289.2239685058594,74649400,0.004603530692473212,288.3131927490234,273.9958068847656,53.433805701985335,-1.014115205677439,102410820.0
2020-06-23,290.555419921875,68471200,-0.025508669330274847,287.63026123046876,274.6959664916992,51.14633340861022,-0.8904469989061319,88579560.0
2020-06-24,283.14373779296875,132813500,0.01072045926872156,286.3721069335937,275.09715423583987,45.16963496355104,-1.2868285856173118,98462480.0
2020-06-25,286.1791687011719,89468000,-0.023751698077071337,287.122314453125,275.6708529663086,40.61888161424355,-1.3187450397670295,100190340.0
2020-06-26,279.3819274902344,127961000,0.014697665822263284,286.85906372070315,276.0837619018555,31.859457265053123,-1.7450411734524716,98672620.0
2020-06-29,283.4881896972656,79773300,0.012809735373047415,286.7431610107422,276.43899810791015,37.94757046786597,-1.696366284735627,99697400.0
2020-06-30,287.1195983886719,113394800,0.007004533745875285,286.44252319335936,276.96049346923826,42.78317350879483,-1.3789780591131109,108682120.0
2020-07-01,289.1307373046875,72396500,0.005507145906012978,286.4635070800781,277.6807354736328,61.72319642210557,-1.0100623968912954,96598720.0
2020-07-02,290.7230224609375,69344200,0.015437291605695735,286.6326019287109,278.3204663085937,60.16402749985931,-0.6526176361916636,92573960.0
2020-07-06,295.21099853515625,61713800,-0.01031397820472768,287.4156768798828,279.0503289794922,61.81751765011129,-0.13481678221650117,79324520.0
2020-07-07,292.16619873046875,82910000,0.007648765336543795,287.70989990234375,279.64717041015626,52.41380854173527,-0.024068695917285776,79951860.0
2020-07-08,294.4009094238281,54638600,-0.005693003441820665,288.0944488525391,280.2130596923828,56.32925714261545,0.16272188735163695,68200620.0
2020-07-09,292.7248840332031,83354200,0.010210791086622262,289.0525634765625,280.76990295410155,54.116298372611986,0.13743764671755754,70392160.0
2020-07-10,295.7138366699219,57550400,-0.008659073714614274,290.0060302734375,281.24783996582033,59.020384433705175,0.27794920797564293,68033400.0
2020-07-13,293.1532287597656,102997500,0.012958923261342292,291.38316040039064,281.72518127441407,54.188086232537444,0.16021902585119197,76290140.0
2020-07-14,296.9521789550781,93657000,0.009187167521930162,292.72955932617185,282.42107971191405,56.47740637984773,0.292286502270247,78439540.0
2020-07-15,299.6803283691406,87196500,-0.003293304174930012,293.9856323242187,283.1570794677734,68.49981325079497,0.5049969319988024,84951120.0
2020-07-16,298.6933898925781,54622500,0.0028989786551023577,294.9418975830078,283.8247637939453,64.67240014712975,0.5188629501190563,79204780.0
2020-07-17,299.5592956542969,62774900,0.008081635222803918,295.8255249023438,284.54573608398437,77.47903658041906,0.5244318608038601,80249680.0
2020-07-20,301.980224609375,56308800,0.002127477239671993,296.5024475097656,285.25153259277346,76.39548954847568,0.6225510348796335,70911940.0
2020-07-21,302.6226806640625,57292200,0.005692120278247836,297.548095703125,285.88192260742187,74.1934562107515,0.6586184464093647,63638980.0
2020-07-22,304.3452453613281,57792900,-0.01193147149968643,298.542529296875,286.5456530761719,73.95891102193815,0.721331187581189,57758260.0
2020-07-23,300.7139587402344,75738000,-0.006440665753651209,299.3414367675781,287.2448486328125,64.78375490747706,0.4541428563950287,61981360.0
2020-07-24,298.77716064453125,73766600,0.007292706170272112,299.64776916503905,287.99930969238284,55.70785489458229,0.10128859375226273,64179700.0
2020-07-27,300.9560546875,48293000,-0.00634260040431045,300.4280517578125,288.73486755371096,64.46977095616458,-0.02433921150186169,62576540.0
2020-07-28,299.0472106933594,57495000,0.012298989537796956,300.63755493164064,289.40795959472655,57.73164464396348,-0.26177467607186067,62617100.0
2020-07-29,302.7251892089844,48454200,-0.0035680518128624605,300.942041015625,289.9929357910156,65.60146259248327,-0.19970765785496525,60749360.0
2020-07-30,301.6450500488281,61861700,0.00790192127822853,301.23720703125,290.61248779296875,59.83929399519259,-0.25636872149926226,57974100.0
2020-07-31,304.02862548828125,84986800,0.006952333822840107,301.68414001464845,291.18774841308596,68.14779582437482,-0.16284549007223603,60218140.0
2020-08-03,306.142333984375,53077900,0.003862566479446272,302.10035095214846,291.8432934570312,66.24955888018701,0.003056585566270087,61175120.0
2020-08-04,307.3248291015625,41917900,0.0062109624027597565,302.57056579589846,292.5121044921875,64.29813315737621,0.14619262866588123,58059700.0
2020-08-05,309.2336120605469,42697700,0.0066845179699095425,303.0594024658203,293.1516033935547,69.05707267225644,0.3135727264712571,56908400.0
2020-08-06,311.3006896972656,43679400,0.0007177938065237033,304.1180755615234,293.74993774414065,70.34513684272869,0.49676148762619654,53271940.0
2020-08-07,311.5241394042969,57308300,0.0029890214784977776,305.3927734375,294.3631231689453,67.90062401906744,0.5614675078027132,47736240.0
2020-08-10,312.4552917480469,44282100,-0.008254403584106562,306.5426971435547,294.9699011230469,68.24452344361382,0.5924030757562795,45977080.0
2020-08-11,309.87615966796875,69601100,0.013942160062288655,307.62559204101564,295.5022906494141,59.94650181821375,0.37518192720352683,51513720.0
2020-08-12,314.1965026855469,53774400,-0.001807861248567466,308.77272338867186,296.07418029785157,73.65991958339313,0.45326131468404984,53729060.0
2020-08-13,313.62847900390625,41816100,2.987259484266147e-05,309.9710662841797,296.5586920166016,77.37711890151284,0.39933908986665223,53356400.0
2020-08-14,313.6378479003906,47260400,0.0031764225668549084,310.93198852539064,297.05859313964845,75.41026911012052,0.3014451747621889,51346820.0
2020-08-17,314.63409423828125,35481000,0.0021606354262346805,311.7811645507812,297.43046508789064,82.41665619434596,0.24341557510624234,49586600.0
2020-08-18,315.31390380859375,38733900,-0.004163583265761495,312.5800720214844,297.744365234375,79.91144911079303,0.19266511499024652,43413160.0
2020-08-19,314.0010681152344,68054200,0.0031132683272254713,313.05681762695315,298.0766918945312,79.03745417199772,0.021532413183932064,46269120.0
2020-08-20,314.9786376953125,42207800,0.0035473519603301806,313.4246124267578,298.4617590332031,77.55413914913223,-0.06996324948913912,46347460.0
2020-08-21,316.0959777832031,55106600,0.010133297186776469,313.8817962646484,299.21013671875,76.36918688788603,-0.0976683173555486,47916700.0
2020-08-24,319.299072265625,48588700,0.0034993527540259084,314.56617431640626,299.9558294677734,78.65443094548843,0.049392247819519675,50538240.0
2020-08-25,320.4164123535156,38463400,0.010025520493780471,315.6201995849609,300.67121337890626,77.81405982438882,0.1650628204993554,50484140.0
2020-08-26,323.6287536621094,50790200,0.002186584453806928,316.5634246826172,301.3412689208984,79.00987567791157,0.3883169834956197,47031340.0
2020-08-27,324.3363952636719,58034100,0.006459346688489909,317.63421630859375,302.04957885742186,79.47753334400566,0.5065699677061435,50196600.0
2020-08-28,326.431396484375,48588900,-0.0036226789612755494,318.9135711669922,302.79756530761716,80.52072684233045,0.6401947047721599,48893060.0
2020-08-31,325.24884033203125,66099200,0.009418682397811073,319.9750457763672,303.55493713378905,85.75123208648452,0.5658241413995624,52395160.0
2020-09-01,328.312255859375,54908700,0.01446393687530989,321.27488098144534,304.3367028808594,84.86648002665424,0.6346631466351953,55684220.0
2020-09-02,333.0609436035156,69540000,-0.03441413901979162,323.1808685302734,305.1868133544922,89.78271925188147,0.8957580907210199,59434180.0
2020-09-03,321.59893798828125,148011100,-0.008164712719134659,323.8428985595703,305.95591735839844,61.09532222790263,0.22709811131194435,77429580.0
2020-09-04,318.9731750488281,139156300,-0.027322896336845925,324.1306182861328,306.6117974853516,55.78460784864159,-0.42587121880746004,95543060.0
2020-09-08,310.2579040527344,114465300,0.0197473454809709,323.22650146484375,307.22931701660156,44.448941655168625,-1.422423753985961,105216280.0
2020-09-09,316.3846740722656,91462300,-0.017363838371308726,322.8233276367188,307.8872467041016,52.366811189641865,-1.6316602797985817,112527000.0
2020-09-10,310.8910217285156,90569500,0.0005091645196257932,321.5495544433594,308.36267517089846,46.27524111392101,-2.0743231833267837,116732900.0
2020-09-11,311.04931640625,84680200,0.013171496117131198,320.22084655761716,308.80104675292966,45.319523622722514,-2.2746662402585125,104066720.0
2020-09-14,315.14630126953125,65605700,0.005052139528605171,319.0923370361328,309.28951232910157,46.21137117637429,-2.05608316714106,89356600.0
2020-09-15,316.73846435546875,52920900,-0.003968537663868732,318.2412994384766,309.7200616455078,46.673379584008906,-1.7415494422097533,77047720.0
2020-09-16,315.4814758300781,82096000,-0.008795285835907163,316.9582214355469,310.1863671875,42.360761377163264,-1.5612209414371545,75174460.0
2020-09-17,312.70672607421875,91523300,-0.011512696581382542,314.9227996826172,310.5524835205078,39.50245028497131,-1.5677644308025136,75365220.0
2020-09-18,309.10662841796875,105877900,-0.01112964351375667,313.67356872558594,310.88011840820315,34.77543077878626,-1.740191165325076,79604760.0
2020-09-21,305.6663818359375,99450800,0.01018442751432791,312.3428894042969,311.07916931152346,33.4482050604779,-1.9933838400886459,86373780.0
2020-09-22,308.7794189453125,63612100,-0.023190754296959826,312.1950408935547,311.3916931152344,33.5039844950052,-1.8611676825952985,88512020.0
2020-09-23,301.61859130859375,93112200,0.0026652668838516025,310.7184326171875,311.4850213623047,24.485590083707237,-2.145727793955988,90715260.0
2020-09-24,302.4224853515625,76681300,0.016166857387348577,309.8715789794922,311.5398645019531,31.18433408231806,-2.16341760685132,87746860.0
2020-09-25,307.31170654296875,71069400,0.01660935115129214,309.49781799316406,311.71223083496096,39.04454453450002,-1.7472640566979245,80785160.0
2020-09-28,312.41595458984375,64584600,-0.005445898242554703,309.2247833251953,311.96936401367185,52.17496412224213,-1.0632964684938957,73811920.0
2020-09-29,310.7145690917969,51304000,0.007582088877910342,308.6223937988281,312.1440509033203,43.725787628119576,-0.6792191067379973,71350300.0
2020-09-30,313.0704345703125,104081100,0.006419726803378101,308.38128967285155,312.35300598144534,52.591577038950405,-0.24276874245919755,73544080.0
2020-10-01,315.08026123046875,88698700,-0.009494360529030299,308.61864318847654,312.5677062988281,54.591101842196736,0.18209848596483802,75947560.0
2020-10-02,312.0887756347656,89431100,0.01773319871608381,308.91685791015624,312.7952026367187,46.42762653545132,0.2578462835881923,79619900.0
2020-10-05,317.62310791015625,45713100,-0.01421606372252393,310.11253051757814,313.17212158203125,50.946422088318805,0.6543120556650922,75845600.0
2020-10-06,313.1077575683594,90128900,0.017406674421766688,310.5453643798828,313.41515563964845,47.62602382338902,0.588175673622417,83610580.0
2020-10-07,318.55792236328125,56999600,0.008862570946455373,312.2392974853516,313.80536987304686,55.55458343231608,0.8701915253315412,74194280.0
2020-10-08,321.38116455078125,45242500,0.008930095836888752,314.1351654052734,314.1784893798828,61.826745407348945,1.1860113090275994,65503040.0
2020-10-09,324.2511291503906,59528600,0.016087625285163165,315.8291076660156,314.63061096191404,68.10572577206916,1.5067415029834086,59522540.0
2020-10-12,329.4675598144531,80388500,-0.006526125016939166,317.5342681884766,315.1393896484375,69.36140485562393,1.9600480540039873,66457620.0
2020-10-13,327.3174133300781,73255500,-0.006283508229005252,319.1945526123047,315.5628912353516,76.53983880046468,1.9981027288059376,63082940.0
2020-10-14,325.2607116699219,57727900,-0.0012357687450806898,320.4135803222656,315.92160888671873,72.99071662448625,1.775300033508135,63228600.0
2020-10-15,324.8587646484375,60357700,-0.0006045107493002355,321.3914306640625,316.2341119384766,69.41858595847062,1.5022329850792204,66251640.0
2020-10-16,324.6623840332031,89501900,-0.015203218262059948,322.64879150390624,316.5013458251953,65.20418315749433,1.2216707147533747,72246300.0
2020-10-19,319.7264709472656,68425600,0.004005708996747792,322.8591278076172,316.6653924560547,60.356662378600255,0.6458677978211669,69853720.0
2020-10-20,321.0072021484375,60051900,-0.0018930931428825515,323.649072265625,316.8364306640625,59.35220133023405,0.3104579555643898,67213000.0
2020-10-21,320.3995056152344,63575000,0.005485552657143122,323.83323059082034,317.0468975830078,56.48206341898434,0.022081930719822562,68382420.0
2020-10-22,322.1570739746094,55399300,0.0033951777127958493,323.91082153320315,317.20610900878904,62.64970622382202,-0.07080171025854654,67390740.0
2020-10-23,323.2508544921875,49143900,-0.0184800558595295,323.8107940673828,317.3985565185547,57.958682693652214,-0.07848541631811656,59319140.0
2020-10-26,317.27716064453125,91473000,-0.0034474937714843445,322.5917541503906,317.4713427734375,55.66273989022931,-0.48321548013999527,63928620.0
2020-10-27,316.183349609375,65994100,-0.034178784900165016,321.4783477783203,317.50232788085935,46.34208487528958,-0.8030658235893773,65117060.0
2020-10-28,305.3765869140625,127094300,0.010163612343078166,319.48993530273435,317.30358154296874,30.212694349782822,-1.6709756534411317,77820920.0
2020-10-29,308.4803161621094,90597700,-0.010425113740879621,317.8520904541016,317.19316650390624,30.613768411701855,-1.9453576943619275,84860600.0
2020-10-30,305.2643737792969,120287300,0.011208546159050092,315.91228942871095,316.99888122558593,18.709362295785667,-2.232217271630324,99089280.0
2020-11-02,308.6859436035156,86068300,0.017656216432966332,314.80823669433596,316.8506805419922,26.679312858013787,-2.083181676590873,98008340.0
2020-11-03,314.13616943359375,93294200,0.0223490020123156,314.1211334228516,316.74742248535154,37.16589081348048,-1.5345360449943235,103468360.0
2020-11-04,321.15679931640625,126959700,0.019502519369200888,314.1968627929688,316.76223022460937,46.294954668126216,-0.6604664588723361,103441440.0
2020-11-05,327.420166015625,82039700,-0.00022826189888547344,314.7231719970703,316.8380584716797,52.4611880876394,0.3249309547868613,101729840.0
2020-11-06,327.3454284667969,74973000,0.012565847710170885,315.13262939453125,316.8982391357422,57.44558766514569,0.923226743735958,92666980.0
2020-11-09,331.45880126953125,172304200,-0.0014666830920441187,316.55079345703126,316.9987872314453,59.67796447323058,1.5127022777766044,109914160.0
2020-11-10,330.97265625,85552000,0.007428555305739382,318.02972412109375,317.1132635498047,59.812607660529956,1.768769928776868,108365720.0
2020-11-11,333.4313049316406,58649000,-0.009700823100973976,320.83519592285154,317.21564453125,60.32884877765104,1.9863389584549664,94703580.0
2020-11-12,330.1967468261719,67546200,0.013844506878861074,323.0068389892578,317.15836059570313,56.12326870625862,1.8005180450135534,91804880.0
2020-11-13,334.7681579589844,62892200,0.012482402636429857,325.95721740722655,317.4217449951172,65.81038189653412,1.8656561453114868,89388720.0
2020-11-16,338.9468688964844,74541100,-0.005378058167338384,328.9833099365234,317.8212188720703,69.48937760138375,2.0553624298998185,69836100.0
2020-11-17,337.1239929199219,66111000,-0.012034892389062968,331.28209228515624,318.35854064941407,82.12264730639471,1.925509079412838,65947900.0
2020-11-18,333.0667419433594,70591300,0.004210032114001727,332.47308654785155,318.69218200683594,74.40609122293407,1.4551878504894749,68336360.0
2020-11-19,334.4689636230469,59940900,-0.006847794578754063,333.17796630859374,319.1637408447266,80.07327126205318,1.1412170904430083,66815300.0
2020-11-20,332.1785888671875,70417300,0.005994398809057833,333.6612823486328,319.5863262939453,74.76845342395498,0.7034486987987982,68320320.0
2020-11-23,334.1697998046875,63230600,0.016114134732946095,333.93238220214846,319.96679626464845,72.78334543425174,0.4826723870034497,66058220.0
2020-11-24,339.5546569824219,62415900,-0.0015421703465959835,334.79058227539065,320.4231201171875,71.73159651954745,0.6249504329728115,65319200.0
2020-11-25,339.031005859375,45330900,0.0027852169448343567,335.3505523681641,320.89411071777346,65.86612643058862,0.608833881730062,60267120.0
2020-11-27,339.97528076171875,28514100,-0.004427165850860559,336.3284057617187,321.4394818115234,66.8579808142732,0.5865754758421744,53981760.0
2020-11-30,338.47015380859375,83872700,0.01093734644066946,336.6986053466797,322.0267523193359,60.05894879895762,0.40398226853905594,56672840.0
2020-12-01,342.172119140625,74231400,0.0021037617986539026,337.02113037109376,322.7568670654297,64.71014539227696,0.4618498591723572,58873000.0
2020-12-02,342.8919677734375,45927000,-0.0002726087239776076,337.5979278564453,323.4391180419922,63.02105078347154,0.47603573450230385,55575220.0
2020-12-03,342.7984924316406,62882000,0.008617603716822408,338.57110290527345,324.2627160644531,68.98582042888145,0.40910969219215687,59085440.0
2020-12-04,345.7525939941406,50749900,-0.002054790711886967,339.6994659423828,325.1293182373047,67.39698245695439,0.4884094396261469,63532600.0
2020-12-07,345.0421447753906,48944300,0.0029257918189447008,340.98582153320314,325.8839270019531,60.84503646686272,0.42022740170169204,56546920.0
2020-12-08,346.0516662597656,42458900,-0.008968711894549064,342.17400817871095,326.55664123535155,66.35804263999356,0.3719875818616716,50192420.0
2020-12-09,342.9480285644531,74098300,-0.0003271125880416337,342.5133453369141,327.20131042480466,68.76095098593639,0.07543592433825985,55826680.0
2020-12-10,342.8358459472656,57735400,-0.0011724183052498338,342.8938293457031,327.79661865234374,66.70391292904281,-0.1704713137589282,54797360.0
2020-12-11,342.43389892578125,57698600,-0.004477191348909226,343.1396911621094,328.34369140625,72.14371942476383,-0.38984829587452996,56187100.0
2020-12-14,340.9007568359375,69216200,0.01351928395124502,343.38275146484375,328.91993103027346,64.82708457138861,-0.6523982070718954,60241480.0
2020-12-15,345.5094909667969,63865300,0.0015692052089557595,343.71648864746095,329.47765869140625,63.58183149530446,-0.534797634287826,64522760.0
2020-12-16,346.0516662597656,58420500,0.005592084463571734,344.03245849609374,330.13653686523435,65.99925724912337,-0.44339029205839253,61387200.0
2020-12-17,347.98681640625,64119500,-0.0039927800392043356,344.55129089355466,330.72511474609377,67.4684396700638,-0.2832851061441124,62664020.0
2020-12-18,346.5973815917969,136542300,-0.003575760900277114,344.6357696533203,331.22943908691406,67.81055258838967,-0.30003600242422923,78432760.0
2020-12-21,345.3580322265625,96386700,-0.0016852981418952195,344.6673583984375,331.6515771484375,57.82658501916237,-0.41649680960685576,83866860.0
2020-12-22,344.7760009765625,47949000,0.0008986848557483995,344.5397918701172,331.9577459716797,54.65991159633825,-0.5464510023093005,80683600.0
2020-12-23,345.0858459472656,46201400,0.0038905980868204626,344.7535736083984,332.31311462402346,55.5975599919941,-0.6198872449348896,78239780.0
2020-12-24,346.4284362792969,26457900,0.008590909239063915,345.1128326416016,332.7364691162109,51.79552456623966,-0.5867292375009603,70707460.0
2020-12-28,349.4045715332031,39000400,-0.0019080660816579442,345.8098999023438,333.2273852539063,60.34442833117685,-0.3829119214735437,51199080.0
2020-12-29,348.7378845214844,53680500,0.0014269158901076828,346.59361267089844,333.7088952636719,56.47498631765405,-0.31441677050922356,42657840.0
2020-12-30,349.2355041503906,49455300,0.005080765053480318,346.9662139892578,334.29907592773435,67.33326154187853,-0.2593096107848267,42959100.0
2020-12-31,351.0098876953125,78520700,-0.013614021067142712,347.4620361328125,334.89912963867187,70.64232768838792,-0.13341148355142574,49422960.0
2021-01-04,346.2312316894531,110210800,0.0068873423852422455,347.28647766113284,335.41576416015624,57.853538955588064,-0.3876383404770527,66173540.0
2021-01-05,348.6158447265625,66426200,0.00597866983021933,347.4883239746094,335.9449395751953,65.41327987630747,-0.40876657948988404,71658700.0
2021-01-06,350.7001037597656,107997700,0.014857278805709306,348.0225311279297,336.4939245605469,61.5331933775984,-0.30092177259182806,82522140.0
2021-01-07,355.9105529785156,68766800,0.005697674687804355,349.135986328125,337.26659240722654,68.14216046346027,0.08229945375861059,86384440.0
2021-01-08,357.93841552734375,71677200,-0.006740600119738205,350.42124328613284,338.10169372558596,68.25049474805907,0.41473937169149755,85015740.0
2021-01-11,355.52569580078125,51034700,0.00021098955129605912,351.3309692382812,339.1046759033203,65.78154415453412,0.4135906377498948,73180520.0
2021-01-12,355.6007080078125,52547700,0.002692939193932542,351.95058288574216,340.04708374023437,68.88199540484405,0.36123380151329076,70404820.0
2021-01-13,356.5583190917969,45303600,-0.0035018863454505667,352.7326263427734,341.07296264648437,71.42360906878386,0.33502742420652964,57866000.0
2021-01-14,355.3096923828125,49989100,-0.007292754965563253,353.3400451660156,342.0054376220703,67.97616735223447,0.18502489249843812,54110460.0
2021-01-15,352.718505859375,107160000,0.00785213205189872,353.5109069824219,342.77708435058594,60.59440038242294,-0.12080802992924866,61207020.0
2021-01-19,355.48809814453125,51233300,0.01383870417767441,354.4365936279297,343.4637103271484,60.31830985623881,-0.1658924294202606,61246740.0
2021-01-20,360.4075927734375,61836100,0.0009116129978434806,355.6157684326172,344.1234588623047,67.29763790640467,0.09239853986435387,63104420.0
2021-01-21,360.73614501953125,47840100,-0.003539329046016393,356.61937255859374,344.79127319335936,67.1329059195685,0.23410546096925344,63611720.0
2021-01-22,359.4593811035156,52860500,0.003943792069881713,356.97425537109376,345.3512847900391,62.77694148614612,0.1923301474647756,64186000.0
2021-01-25,360.87701416015625,70402000,-0.0015610705866057062,357.268115234375,345.9493719482422,74.65256695155817,0.20925341579492418,56834400.0
2021-01-26,360.31365966796875,42665300,-0.02444032476993263,357.7469116210938,346.48701904296877,70.9765189772282,0.135181744067852,55120800.0
2021-01-27,351.5074768066406,123351100,0.008600043913122857,357.33758850097655,346.9132336425781,51.1665540796763,-0.5183869901001668,67423800.0
2021-01-28,354.53045654296875,94198100,-0.020019533015289137,357.1348022460937,347.3084796142578,47.87137600152129,-0.7448210725552129,76695400.0
2021-01-29,347.43292236328125,126765100,0.016645612060134818,356.3471252441406,347.47820068359374,35.98790929857324,-1.335835338391179,91476320.0
2021-02-01,353.2161560058594,75817600,0.014140086038008537,356.3968902587891,347.8000439453125,47.17368263412674,-1.2993143061157308,92559440.0
2021-02-02,358.2106628417969,64450700,0.0007863452300920226,356.6691467285156,348.30292236328125,52.85071155290998,-0.918754101285514,96916520.0
2021-02-03,358.4923400878906,52427100,0.011365891276612805,356.4776214599609,348.7833898925781,52.144084770076056,-0.6411741509803499,82731720.0
2021-02-04,362.5669250488281,47142600,0.003935830475801927,356.66069946289065,349.39115661621094,57.571088093393044,-0.199175553802879,73320620.0
2021-02-05,363.9939270019531,48669800,0.007221887370986613,357.11415405273436,349.9876391601563,62.05589777156793,0.1541985681377427,57701560.0
2021-02-08,366.6226501464844,38365200,-0.0006658347685947197,357.6887176513672,350.5289990234375,61.9412495900746,0.5098397198139408,50211080.0
2021-02-09,366.3785400390625,35551100,-0.0004355506629799555,358.2952056884766,351.07594970703127,57.117279271073265,0.6637589704399383,44431160.0
2021-02-10,366.2189636230469,59154400,0.00161488127385212,359.7663543701172,351.6008233642578,56.561870652319215,0.687056041774186,45776620.0
2021-02-11,366.81036376953125,42913300,0.0049399141838002425,360.9943450927734,352.1676275634766,58.9444337584542,0.6736200208287535,44930760.0
2021-02-12,368.62237548828125,50593300,-0.0008661300115622161,363.11329040527346,352.6966326904297,59.33471233050031,0.7142260103846554,45315460.0
2021-02-16,368.3031005859375,50972400,0.00022952207372606281,364.6219848632812,353.20485534667966,59.685861937305575,0.6489342534494811,47836900.0
2021-02-17,368.38763427734375,52290600,-0.004256036163715615,365.6396820068359,353.7166381835938,75.95258494087662,0.5449816110351762,51184800.0
2021-02-18,366.81976318359375,59712800,-0.0017658143336702903,366.47242431640626,354.13798156738284,69.7793259539555,0.31555170747753314,51296480.0
2021-02-19,366.1720275878906,83241000,-0.007691733913394949,366.8329345703125,354.5605792236328,88.06248256624826,0.07750387390337377,59362020.0
2021-02-22,363.35552978515625,67414200,0.0012143014440764155,366.7690948486328,354.90665649414063,73.41710235674384,-0.2920486348915752,62726200.0
2021-02-23,363.7967529296875,107284100,0.011019225742503247,366.48650512695315,355.3236309814453,66.3372062926515,-0.5160873951398259,73988540.0
2021-02-24,367.8055114746094,72433900,-0.024095498840838947,366.6292022705078,355.82302429199217,72.36237758999206,-0.40832843244297035,78017200.0
2021-02-25,358.94305419921875,146670500,-0.005152677564389085,365.901611328125,356.15320739746096,42.92521570445184,-0.9187342489334922,95408740.0
2021-02-26,357.0935363769531,152701600,0.024240163927911507,364.9299285888672,356.47706298828126,36.747191327344,-1.3401940632832883,109300860.0
2021-03-01,365.7495422363281,105348800,-0.007803248109013339,364.64264526367185,356.8818640136719,48.638363408955485,-1.0103180748572163,116887780.0
2021-03-02,362.8955078125,79595300,-0.013245835631920944,364.1018859863281,357.21874084472654,44.97700898515618,-0.9590531675142921,111350020.0
2021-03-03,358.0886535644531,119940200,-0.012374797050822783,363.0719879150391,357.4207775878906,39.66087592305985,-1.2075422022280642,120851280.0
2021-03-04,353.6573791503906,183433000,0.018396715060302604,361.75574951171876,357.5619775390625,34.761841121819145,-1.6041641342943382,128203780.0
2021-03-05,360.16351318359375,152039600,-0.0049786312945492295,361.15489807128904,357.85808715820315,41.16146477723498,-1.371185249669203,128071380.0
2021-03-08,358.3703918457031,123149200,0.014277258242534563,360.65638427734376,358.1299749755859,39.93157274417425,-1.2823117893112168,131631460.0
2021-03-09,363.4869384765625,113633600,0.006224718195510848,360.6254028320312,358.49799682617186,45.4922063952248,-0.8445381952721118,138439120.0
2021-03-10,365.7495422363281,109899400,0.010139024325731771,360.4198059082031,358.8844189453125,49.02800436149402,-0.39123666526931267,136430960.0
2021-03-11,369.4578857421875,86245000,0.0013467261437674072,361.4712890625,359.28548522949217,52.82711017776469,0.14119009950460826,116993360.0
2021-03-12,369.9554443359375,64653600,0.005963770447177552,362.7574798583984,359.70983642578125,55.914491935554445,0.49007374481128285,99516160.0
2021-03-15,372.1617736816406,73427200,-0.0012614189244982699,363.39870300292966,360.1683618164063,57.266406908183036,0.8135598416604688,89571760.0
2021-03-16,371.69232177734375,73722500,0.0034098781784053234,364.27838439941405,360.5820104980469,53.59755046931448,0.9315531957290015,81589540.0
2021-03-17,372.9597473144531,97959300,-0.014549700539515764,365.76549377441404,361.11658081054685,65.09599601909206,1.0232825355649247,79201520.0
2021-03-18,367.5332946777344,115349100,-0.0018504016870415363,367.15308532714846,361.4949298095703,60.43931228524172,0.6642215617074672,85022340.0
2021-03-19,366.85321044921875,113624500,0.00798499564846522,367.8220550537109,361.8179919433594,51.313071166896016,0.3428247701885221,94816520.0
2021-03-22,369.78253173828125,73778600,-0.007870655475589183,368.96326904296876,362.0954315185547,58.179071631842106,0.29144577028217267,94886800.0
2021-03-23,366.8721008300781,90686600,-0.005083488851169937,369.3017852783203,362.2741052246094,60.923305805197955,0.038658456752141745,98279620.0
2021-03-24,365.0071105957031,97588600,0.005625743224414448,369.2275421142578,362.4637335205078,65.07717205525124,-0.2604866861224453,98205480.0
2021-03-25,367.060546875,116128600,0.01611453095485138,368.98780822753906,362.69293029785155,60.39145076243147,-0.3223478078339417,98361380.0
2021-03-26,372.9755554199219,114409100,-0.0005049231025270329,369.2898193359375,363.0212750244141,69.57377784030861,0.01493017669857366,98518300.0
2021-03-29,372.7872314453125,108107600,-0.0026528608098633777,369.3523651123047,363.3708258056641,64.36127499952875,0.19516569934914108,105384100.0
2021-03-30,371.79827880859375,76262200,0.004053242339420393,369.3629608154297,363.75242126464843,59.722746827432964,0.21598273247962663,102499220.0
2021-03-31,373.3052673339844,112734200,0.01079896639001765,369.3975128173828,364.1087646484375,56.6552746077447,0.2945809472091203,105528340.0
2021-04-01,377.3365783691406,99682900,0.014353274862479948,370.3778411865234,364.44734436035156,61.37711734849875,0.565699994593166,102239200.0
2021-04-05,382.7525939941406,91684800,-0.000590573923518134,371.9677795410156,364.88767333984373,64.85463822210048,1.0303541289542908,97694340.0
2021-04-06,382.52655029296875,62021000,0.0011573536673998852,373.2421813964844,365.3490167236328,65.30051441889972,1.2295429381111296,88477020.0
2021-04-07,382.9692687988281,55836300,0.004746700908596413,374.8518981933594,365.7908618164063,64.4729596159277,1.2917778824633772,84391840.0
2021-04-08,384.787109375,57863100,0.007270215876270969,376.82989807128905,366.2803308105469,77.85437192633955,1.3497231938695893,73417620.0
2021-04-09,387.5845947265625,61104600,0.0003644775129421074,378.88230285644534,367.00187316894534,81.32682687483398,1.461384606232067,65701960.0
2021-04-12,387.7258605957031,56704900,0.0029637935486979128,380.3573333740234,367.66578125,79.60866031421185,1.4280162411918864,58705980.0
2021-04-13,388.875,56551000,-0.003415300546448119,381.9661102294922,368.4946228027344,88.54812373620992,1.3665606427691408,57611980.0
2021-04-14,387.546875,61659900,0.010742541854815935,383.5409698486328,369.18123718261717,90.24576309052726,1.1295142195496481,58776700.0
2021-04-15,391.7101135253906,60229800,0.0033422780172298605,385.38145446777344,369.8512261962891,90.92918492994502,1.142708834293205,59250040.0
2021-04-16,393.0193176269531,82037300,-0.004913010929803119,386.94972839355466,370.5417657470703,89.2912436199004,1.1273157261861702,63436580.0
2021-04-19,391.0884094238281,78498500,-0.007321392551102424,387.78330993652344,371.1121954345703,83.58108327556297,0.8854655410309542,67795300.0
2021-04-20,388.22509765625,81851800,0.009462038649955762,388.35316467285156,371.59681884765627,78.20190669396703,0.45283266123096855,72855460.0
2021-04-21,391.89849853515625,66793000,-0.009133037371133024,389.2460876464844,372.1023358154297,79.71113154935429,0.33942584786601326,73882080.0
2021-04-22,388.31927490234375,97582800,0.010842358087731263,389.59930419921875,372.5411505126953,67.80712857138616,-0.031570451992159576,81352680.0
2021-04-23,392.5295715332031,73209200,0.0020876338172732822,390.0938018798828,373.06736267089843,66.49721726736067,-0.04738967163181762,79587060.0
2021-04-26,393.3490295410156,52182400,-0.00021560584427604557,390.65611877441404,373.59813598632815,67.90282633959086,-0.05604889733843876,74323840.0
2021-04-27,393.26422119140625,51303100,-0.000287355385278909,391.0950408935547,374.0909729003906,67.23425342672205,-0.117346866264743,68214100.0
2021-04-28,393.1512145996094,51238900,0.006372848591130742,391.6554748535156,374.5879351806641,64.84952445762596,-0.20995652753311234,65103280.0
2021-04-29,395.6567077636719,78544300,-0.006570443117903335,392.0501342773438,375.1333166503906,64.48126682821018,-0.14975192895713363,61295580.0
2021-04-30,393.05706787109375,85527000,0.0021568058992706973,392.0539093017578,375.65806274414064,58.78888621684414,-0.32237868757102106,63759140.0
2021-05-03,393.9048156738281,68128300,-0.006169526753997512,392.33554992675784,376.21271850585936,58.375247598208446,-0.4111512550116947,66948320.0
2021-05-04,391.474609375,101591200,0.00031299111931559764,392.66050109863284,376.77510009765626,56.308611403575846,-0.6509663112614756,77005940.0
2021-05-05,391.5971374511719,60162200,0.007985595223761521,392.6303649902344,377.33110778808594,49.79147421309961,-0.8084871437334229,78790600.0
2021-05-06,394.7242736816406,74321400,0.007277844031288838,393.27086486816404,377.8694830322266,52.949019773444675,-0.7125802698810677,77946020.0
2021-05-07,397.5970153808594,67733800,-0.009902629313259581,393.77760925292966,378.6425622558594,60.902553134061016,-0.4774681663182001,74387380.0
2021-05-10,393.6597595214844,81852400,-0.008924493871557138,393.8086822509766,379.37388671875,58.78742661230871,-0.6009397748598957,77132200.0
2021-05-11,390.14654541015625,116888000,-0.02124524085047297,393.4969146728516,379.86182678222656,47.15247699978374,-0.914261104454897,80191560.0
2021-05-12,381.8577880859375,134811000,0.012012659761477806,392.36757202148436,380.24107238769534,40.89220514197027,-1.6328319646833185,95121320.0
2021-05-13,386.4449157714844,106394000,0.015355254316365308,391.44639282226564,380.8081976318359,41.513521704191014,-1.742306252606078,101535840.0
2021-05-14,392.3788757324219,82201600,-0.0025445906119484496,391.3785736083984,381.58262756347654,48.81583495741625,-1.3743490283466775,104429400.0
2021-05-17,391.38043212890625,65129200,-0.0086156038548576,391.1261352539062,382.2069659423828,47.7508209241281,-1.1657132880400747,101084760.0
2021-05-18,388.0084533691406,59810200,-0.002622016332683441,390.77951965332034,382.7997271728516,44.30306742824998,-1.2166907698440306,89669200.0
2021-05-19,386.9910888671875,106467100,0.010758127720030597,390.31891479492185,383.2698101806641,40.073315290006505,-1.274677400389415,84000420.0
2021-05-20,391.1543884277344,78022200,-0.0008187341733043585,389.96192626953126,383.7779071044922,47.8958136320038,-1.000494349455591,78326060.0
2021-05-21,390.8341369628906,76578700,0.010194307688235371,389.2856384277344,384.20543212890624,46.56402684307076,-0.816336329008696,77201480.0
2021-05-24,394.81842041015625,51376700,-0.0022186821009769764,389.40150451660156,384.70269165039065,53.6158422533129,-0.4216921638009161,74450980.0
2021-05-25,393.94244384765625,57451400,0.001984629598040355,389.7810943603516,385.13830505371095,52.49544266985837,-0.225016577738691,73979220.0
2021-05-26,394.7242736816406,43088600,0.000524959748575915,391.0677429199219,385.59894409179685,50.0,-0.056423731426223256,61303520.0
2021-05-27,394.9314880371094,56707700,0.0017887175873176897,391.91640014648436,386.03837890625,46.8253137466997,0.04918746573901989,57040620.0
2021-05-28,395.6379089355469,58520200,-0.0008811144914292468,392.2423034667969,386.60047119140626,52.552442816145366,0.1415327590571529,53428920.0
2021-06-01,395.289306640625,54216600,0.0015728596971784636,392.63319091796876,387.16919311523435,57.22592031668876,0.1530706507173789,53996900.0
2021-06-02,395.9110412597656,49097100,-0.0037113396658176034,393.42344970703124,387.69176330566404,75.16836406207472,0.17493094916721685,52326040.0
2021-06-03,394.4416809082031,58138800,0.009145640660221055,394.1685089111328,388.24315490722654,66.12204215733323,0.06826768037817388,55336080.0
2021-06-04,398.0491027832031,55938800,-0.0009700019312637309,394.8579803466797,388.90399475097655,62.614979753786486,0.21047257991920398,55182300.0
2021-06-07,397.6629943847656,51555000,0.00021295991956171711,395.5408660888672,389.5160437011719,64.3687820103885,0.24587112815578838,53789260.0
2021-06-08,397.7476806640625,47134300,-0.001491783108562017,395.8337921142578,390.0114862060547,76.2165838879752,0.24195450062079882,52372800.0
2021-06-09,397.1543273925781,48436300,0.004648395456783971,396.15498046875,390.498828125,77.99706434728805,0.16977883530498072,52240640.0
2021-06-10,399.0004577636719,51020100,0.0016525364323247693,396.5825988769531,391.0428717041016,74.77699738641708,0.21389848182823146,50816900.0
2021-06-11,399.6598205566406,45570800,0.0022386897792792126,397.05543212890626,391.56996276855466,77.28610786126731,0.25237269978480903,48743300.0
2021-06-14,400.5545349121094,42358500,-0.001834081489963224,397.5470947265625,392.03432189941407,71.9221555349766,0.2997359688670671,46904000.0
2021-06-15,399.81988525390625,51508500,-0.005583263581974807,398.0001525878906,392.3756677246094,72.7075718631358,0.24552249839142526,47778840.0
2021-06-16,397.58758544921875,80386100,-0.0003317431868684606,398.1678070068359,392.67688842773435,59.947540177142024,0.03434852613253403,54168800.0
2021-06-17,397.4556884765625,90949700,-0.013490196584291514,398.4692077636719,392.96661682128905,58.81555471712593,-0.13017064466248396,62154720.0
2021-06-18,392.09393310546875,118676300,0.014315853181481542,397.8736907958984,393.1127532958984,40.66002120071998,-0.5902837828209608,76775820.0
2021-06-21,397.70709228515625,72822000,0.0053462743359340426,397.8781005859375,393.3152032470703,54.9878743770351,-0.5098108187403794,82868520.0
2021-06-22,399.8333435058594,57700300,-0.0012054888286203713,398.0866668701172,393.55735290527343,57.618739374453156,-0.3160918423314705,84106880.0
2021-06-23,399.3513488769531,49445400,0.005915659893114267,398.3063690185547,393.7668798828125,59.91700487713467,-0.22727924772050012,77918740.0
2021-06-24,401.7137756347656,45110300,0.0035523613011483324,398.57770080566405,394.0502178955078,57.79426120549994,-0.026833300618680056,68750860.0
2021-06-25,403.14080810546875,58129500,0.002015954740146819,398.92579956054686,394.27883178710937,61.15657378689656,0.17344104172691166,56641500.0
2021-06-28,403.9535217285156,53159600,0.0005378964275895015,399.2656982421875,394.4975158691406,62.275308130739916,0.32350941265818367,52709020.0
2021-06-29,404.1708068847656,35970500,0.000841747981650931,399.70079040527344,394.75916381835935,64.08837002958413,0.3955066242657046,48363060.0
2021-06-30,404.5110168457031,64827900,0.005536545143623783,400.39313354492185,395.08488220214844,61.776836865666965,0.4217394671574408,51439560.0
2021-07-01,406.7506103515625,53441000,0.0076436008392302135,401.3226257324219,395.3819244384766,64.19521684039721,0.5381659123450646,53105700.0
2021-07-02,409.8596496582031,57697700,-0.0018214808759400292,403.0991973876953,395.81273193359374,67.1110876660546,0.7592801043169515,53019340.0
2021-07-06,409.11309814453125,68710400,0.003533988004312816,404.2397979736328,396.1444024658203,67.08172437236499,0.7866340247838886,56129500.0
2021-07-07,410.55889892578125,63549500,-0.008147953564038413,405.312353515625,396.4885998535156,74.55227070553033,0.8292267267858238,61645300.0
2021-07-08,407.21368408203125,97595200,0.010674723076524062,406.0985870361328,396.7675891113281,66.46695176766741,0.571496622062492,68198760.0
2021-07-09,411.5605773925781,76238600,0.0035818581572306663,407.08326721191406,397.1357763671875,84.01574610000331,0.6286304541082086,72758280.0
2021-07-12,413.03472900390625,52889600,-0.003408888897426854,408.0726593017578,397.4833367919922,81.31264011810444,0.695355411948154,71796660.0
2021-07-13,411.6267395019531,52911300,0.0014921948357025094,408.83998107910156,397.8547302246094,74.82099410892704,0.5790777007950254,68636840.0
2021-07-14,412.240966796875,64130400,-0.003415378620215459,409.6469970703125,398.2214532470703,76.97799818344173,0.48192624832021247,68753020.0
2021-07-15,410.8330078125,55126400,-0.007843679951888949,410.27919616699216,398.60862121582034,69.8808951954897,0.27170599236913384,60259260.0
2021-07-16,407.6105651855469,75874700,-0.014767998671516458,410.3651916503906,398.9288897705078,59.03708868335483,-0.11477888592637697,60186480.0
2021-07-19,401.5909729003906,147987000,0.01433036157683687,409.5383239746094,399.0662237548828,46.05412579742175,-0.7697287909744599,79205960.0
2021-07-20,407.3459167480469,99608200,0.008096547841830892,409.3616058349609,399.2612017822266,54.47518650553323,-0.805436061335608,88545340.0
2021-07-21,410.6440124511719,64724400,0.0020940870689267754,409.3701171875,399.6008868408203,57.9789193841932,-0.6060967681146705,88664140.0
2021-07-22,411.5039367675781,47878500,0.01028777392972402,409.7991424560547,400.02803466796877,56.41425626386262,-0.42410152234440623,87214560.0
2021-07-23,415.7373962402344,63766600,0.0024549869509999933,410.2168243408203,400.7056268310547,57.69797089030146,-0.04625993538742712,84792940.0
2021-07-26,416.7580261230469,43719200,-0.00455752121342734,410.5891540527344,401.31188903808595,59.94104635575525,0.2295974207914564,63939380.0
2021-07-27,414.858642578125,67397100,-0.0004101047455334905,410.91234436035154,401.761484375,55.525965692842064,0.24020040419892874,57497160.0
2021-07-28,414.6885070800781,52472400,0.004147473678687286,411.1570983886719,402.22764587402344,60.46020012043099,0.19380036487771024,55046760.0
2021-07-29,416.4084167480469,47435300,-0.004856476840272017,411.7146392822266,402.79564514160154,57.322390971260624,0.2342808587474967,54958120.0
2021-07-30,414.3861389160156,68951200,-0.0020980063857811704,412.39219665527344,403.34354614257813,52.007980592649695,0.08774269600146489,55995040.0
2021-08-02,413.5167541503906,58783300,0.008135501708214088,413.58477478027345,403.79079345703127,52.85394082722442,-0.09495840614706985,59007860.0
2021-08-03,416.88092041015625,58053900,-0.004918906201113127,414.53827514648435,404.31172912597657,56.46912357378209,-0.020356478937558986,57139220.0
2021-08-04,414.830322265625,46732200,0.006332817387568523,414.9569061279297,404.71196716308594,55.47503164202462,-0.13390397188476433,55991180.0
2021-08-05,417.4573669433594,38969700,0.0016523575171520921,415.5522491455078,405.182265625,63.71056290388924,-0.06060609778919668,54298060.0
2021-08-06,418.14715576171875,46930000,-0.0008136129978398854,415.79322509765626,405.6507232666016,77.07050737647413,0.0024674272872009517,49893820.0
2021-08-09,417.80694580078125,41222600,0.0012439833235675657,415.8981170654297,406.108232421875,70.78487085363088,-0.009911629527209254,46381680.0
2021-08-10,418.3266906738281,43339300,0.00248487550344767,416.244921875,406.56200805664065,67.15905589953732,-0.014031073195610144,43438760.0
2021-08-11,419.3661804199219,44034300,0.002997062027795261,416.7126892089844,407.0435455322266,67.42038001217122,0.020443279917845114,42899180.0
2021-08-12,420.623046875,38909400,0.0018197811561160293,417.1341522216797,407.53778564453125,62.46999203941967,0.091126153977247,42887120.0
2021-08-13,421.38848876953125,39470300,0.002354712009465798,417.8343872070312,408.0767218017578,61.97464766056718,0.14922925209938587,41395180.0
2021-08-16,422.3807373046875,73740000,-0.006555292656979739,418.7207855224609,408.5633544921875,70.41018439086757,0.21053587625185344,47898660.0
2021-08-17,419.6119079589844,92673900,-0.010944997699246506,418.99388427734374,409.00233276367186,61.707887021393944,0.03013355627334713,57765580.0
2021-08-18,415.0192565917969,89351900,0.0015483091803425442,419.0127777099609,409.34776428222654,47.09365430831271,-0.4087710005925782,66829100.0
2021-08-19,415.6618347167969,92812200,0.007957177784775338,418.8332244873047,409.7179144287109,52.83248227411696,-0.651659861855693,77609660.0
2021-08-20,418.9693298339844,72008700,0.008796407140703622,418.9154418945312,410.1172918701172,60.92387343542888,-0.587403205756063,84117340.0
2021-08-23,422.6547546386719,54973000,0.0015874160830195994,419.4002227783203,410.57719055175784,61.42048452113487,-0.3085447293938177,80363940.0
2021-08-24,423.32568359375,38744700,0.002098469845012163,419.9001220703125,411.0326135253906,67.77365747515688,-0.1014710586013754,69578100.0
2021-08-25,424.2140197753906,40529700,-0.0059032512520103,420.38490600585936,411.5204962158203,65.24513179276724,0.06385983713106524,59813660.0
2021-08-26,421.70977783203125,57829600,0.008941001633596901,420.4935791015625,412.00294006347656,57.43002764779862,-0.022291708345537842,52817140.0
2021-08-27,425.48028564453125,77235100,0.004397532143205041,420.9027587890625,412.5634320068359,64.0,0.1389393081968331,53862420.0
2021-08-30,427.3513488769531,48357400,-0.0014816349886374036,421.3998199462891,413.2685803222656,65.69172645073651,0.32523813926778233,52539300.0
2021-08-31,426.7181701660156,59300200,0.0005316569380979796,422.1104461669922,413.8488018798828,62.966567129475145,0.35692674430422366,56650400.0
2021-09-01,426.9450378417969,48721400,0.0030765249942190653,423.3030242919922,414.3910357666016,61.570349022301905,0.34412012884729837,58288740.0
2021-09-02,428.258544921875,42501000,-0.00024271055960534138,424.5626953125,414.9691796875,62.32612842678394,0.3726585839573575,55223020.0
2021-09-03,428.15460205078125,47170500,-0.0035755397273083966,425.48122253417966,415.4979962158203,60.700445441856154,0.3343075865810734,49210100.0
2021-09-07,426.62371826171875,51671500,-0.0012184177436760368,425.87811889648435,415.9676544189453,63.619604481796706,0.16421600850107732,49872920.0
2021-09-08,426.1039123535156,56181900,-0.004280013433054175,426.15594177246095,416.4106622314453,75.57750104923372,-0.01538118494571128,49249260.0
2021-09-09,424.2801818847656,57970400,-0.00788459141326292,426.1625579833984,416.81284973144534,68.85859824292885,-0.2746998947159467,51099060.0
2021-09-10,420.9349060058594,89948200,0.0025592330130908003,426.08507080078124,417.1413275146484,54.293958271109794,-0.6668679680278919,60588500.0
2021-09-13,422.0121765136719,83738600,-0.005396393461472138,425.73825988769534,417.4465588378906,48.41569854932884,-0.8379888447395545,67902120.0
2021-09-14,419.7348327636719,78197100,0.008352484911338776,424.9766082763672,417.6440625,41.79644960183167,-1.0737648807550833,73207240.0
2021-09-15,423.24066162109375,78792200,-0.001585290671473616,424.628857421875,417.92661376953123,48.01383434898976,-0.9661898560107414,77729300.0
2021-09-16,422.5697021484375,77786700,-0.009740976303199811,424.1913238525391,418.16682983398437,51.89659907169087,-0.9133990301184656,81692560.0
2021-09-17,418.4534606933594,118425000,-0.01667415044308651,423.2108154296875,418.3916253662109,34.734846224732664,-1.115501287206379,87387920.0
2021-09-20,411.4761047363281,166445500,-0.0009446536216901613,421.5429656982422,418.38993591308594,21.77452610286616,-1.6468182466851498,103929300.0
2021-09-21,411.08740234375,92526100,0.009754714594367275,419.9893341064453,418.35098937988283,21.965479908527342,-1.932402180609739,106795100.0
2021-09-22,415.0974426269531,102350100,0.012149982138541793,418.88868713378906,418.4204034423828,31.289856804669853,-1.7638728162775665,111506680.0
2021-09-23,420.140869140625,76396000,0.0016472514043548436,418.474755859375,418.5784014892578,38.5313783213732,-1.249580104001641,111228540.0
2021-09-24,420.83294677734375,62094800,-0.00286087147840719,418.4645599365234,418.77840026855466,39.825082827378075,-0.8203745715512724,99962500.0
2021-09-27,419.6289978027344,61371100,-0.020151918456499107,418.2262420654297,419.0187689208984,40.19028542814221,-0.5861298875203396,78947620.0
2021-09-28,411.17266845703125,130436300,0.001683105839056953,417.3700256347656,419.21040283203126,32.872508679844486,-0.9478564434920116,86529660.0
2021-09-29,411.8647155761719,82329200,-0.012222377577090882,416.23243103027346,419.30077880859375,35.378723514367906,-1.0781755527498238,82525480.0
2021-09-30,406.83074951171875,140506000,0.011884303013345532,414.6585357666016,419.22451354980467,34.025388490357486,-1.4195848186539912,95347480.0
2021-10-01,411.6656494140625,129240100,-0.012895994354110596,413.97975463867186,419.22774780273437,39.20058151572507,-1.2423605758926242,108776540.0
2021-10-04,406.3568115234375,128570000,0.010405091810296252,413.4678253173828,419.0401361083984,36.86746829140571,-1.3938753424252284,122216320.0
2021-10-05,410.5849914550781,90682500,0.004155997945302525,413.41758422851564,418.91667541503904,37.75028844500817,-1.131687575760619,114265560.0
2021-10-06,412.2913818359375,113032200,0.008645766931725252,413.13697814941406,418.86533020019533,40.2468745402884,-0.7822987648798945,120406160.0
2021-10-07,415.85595703125,72437500,-0.0018239835007097804,412.70848693847654,418.88867919921876,47.50914372370942,-0.27620153672564607,106792460.0
2021-10-08,415.0974426269531,74557400,-0.007239643423686104,412.1349365234375,418.8624597167969,53.94292815513334,0.026327078893693123,95855920.0
2021-10-11,412.09228515625,65233300,-0.002461594971355452,411.3812652587891,418.81658264160154,51.03514227547712,0.04196826535166398,83188580.0
2021-10-12,411.077880859375,71181200,0.0035976451723063185,411.3717864990234,418.76780517578123,45.58704589086304,0.003923594929478469,79288320.0
2021-10-13,412.5567932128906,72974000,0.016820600797667673,411.4409942626953,418.68132263183594,40.96665825786617,0.09333273509133999,71276680.0
2021-10-14,419.4962463378906,70236800,0.007615786146030423,412.7075439453125,418.77464111328123,48.61411783020104,0.6062067107024198,70836540.0
2021-10-15,422.6910400390625,66260200,0.0029605638399103906,413.8100830078125,418.87931457519534,53.04884311267201,1.117257456072113,69177100.0
2021-10-18,423.94244384765625,62213200,0.007714796973685045,415.5686462402344,418.9952203369141,64.84459366454709,1.4738062529331977,68573080.0
2021-10-19,427.21307373046875,46996800,0.003927803563103849,417.23145446777346,419.1833428955078,66.83298781642911,1.8403285327743304,63736200.0
2021-10-20,428.8910827636719,49571600,0.002608029954383584,418.89142456054685,419.3946307373047,76.11669384773352,2.0880564720145753,59055720.0
2021-10-21,430.0096435546875,41305400,-0.0010360840267764626,420.3067932128906,419.6075,73.81234589811686,2.2078783291555424,53269440.0
2021-10-22,429.5641174316406,58845100,0.0053629035666988845,421.7534606933594,419.7863214111328,84.47874529262572,2.136401298058565,51786420.0
2021-10-25,431.8678283691406,45214500,0.0009000494295812178,423.73101501464845,419.995908203125,83.53736066094082,2.1193493697468107,48386680.0
2021-10-26,432.25653076171875,56075100,-0.004430259368313649,425.8488800048828,420.1934240722656,82.8240774189405,2.010262134288709,50202340.0
2021-10-27,430.3415222167969,72438000,0.009648878897468016,427.6273529052734,420.4080163574219,75.18108772529202,1.6976082402915718,54775620.0
2021-10-28,434.49383544921875,51437900,0.0020290789938173237,429.1271118164062,420.7975079345703,80.15928526620777,1.6570856511127197,56802120.0
2021-10-29,435.3754577636719,70162400,0.0017202678492509449,430.3955535888672,421.1917803955078,88.76258353884626,1.5767492659724294,59065580.0
2021-11-01,436.1244201660156,48433600,0.004043125270057679,431.61375122070314,421.5348822021484,92.07012327959607,1.463609954709788,59709400.0
2021-11-02,437.8877258300781,48908400,0.006105080563019394,432.68121643066405,421.83954162597655,92.1451666626047,1.3972385086296009,58276060.0
2021-11-03,440.5610656738281,52509800,0.004712771031091467,433.8482147216797,422.18424926757814,90.84563383482138,1.4185512214272098,54290420.0
2021-11-04,442.6373291015625,52847100,0.003469513262926771,435.11098327636716,422.5527154541016,90.43053321786465,1.4523682314947122,54572260.0
2021-11-05,444.1730651855469,66390600,0.0008536095957700773,436.57187805175784,423.0019812011719,90.5395802680228,1.454444516003715,53817900.0
2021-11-08,444.5522155761719,50405200,-0.0033053279629620125,437.84031677246094,423.3834197998047,89.2995826353046,1.3593919161768069,54212220.0
2021-11-09,443.08282470703125,51149100,-0.00804480327693391,438.9229461669922,423.69804931640624,82.47301451190098,1.087375713874759,54660360.0
2021-11-10,439.518310546875,69429700,0.0003236325500606263,439.840625,423.95405212402346,69.56713414772,0.5825174696580877,58044340.0
2021-11-11,439.6605529785156,34848500,0.007546715623188094,440.3572967529297,424.2083624267578,71.03927025198286,0.19341271875457622,54444620.0
2021-11-12,442.9785461425781,53466700,0.0003424610112168214,441.1176055908203,424.50276245117186,72.21384292478157,0.09948569485030934,51859840.0
2021-11-15,443.1302490234375,46980500,0.003957854871584177,441.8181884765625,424.802275390625,71.94800138965202,-0.006797835378591799,51174900.0
2021-11-16,444.88409423828125,48857500,-0.00242928332506287,442.5178253173828,425.16748291015625,79.5456039125383,-0.012994151606540605,50716580.0
2021-11-17,443.8033447265625,47858300,0.0033963786813699937,442.84205322265626,425.5214715576172,71.61100279972344,-0.13700051699368565,46402300.0
2021-11-18,445.3106689453125,50625600,-0.001788316015553737,443.10938720703126,425.9420812988281,72.41242098509267,-0.1628702490926166,49557720.0
2021-11-19,444.5143127441406,57315600,-0.0028150786995193577,443.1435119628906,426.4136694335937,68.8860189052539,-0.27251799490357786,50327500.0
2021-11-22,443.2629699707031,72762000,0.001326004188273,443.01458740234375,426.83868530273435,62.38538303162584,-0.45734331711505405,55483800.0
2021-11-23,443.8507385253906,73206500,0.002669879698992794,443.0913787841797,427.32100341796877,58.38587014021571,-0.561189472590713,60353600.0
2021-11-24,445.0357666015625,61858800,-0.022303196641114464,443.64312438964845,427.7569055175781,56.40500717173034,-0.5694408964367321,63153700.0
2021-11-26,435.11004638671875,112669600,0.012266646915916057,443.1880737304688,428.00771240234377,33.28665992078277,-1.2251069694119465,75562500.0
2021-11-29,440.4473876953125,86268800,-0.019457643747687547,442.93495788574216,428.4475909423828,43.60046930621279,-1.2753437072451845,81353140.0
2021-11-30,431.8773193359375,148559600,-0.011107384836199885,441.8096649169922,428.855615234375,35.697046092671485,-1.8281072025979253,96512660.0
2021-12-01,427.0802917480469,131939200,0.015316515330556557,440.02928466796874,429.17547302246095,34.6081308181801,-2.421914684550238,108259200.0
2021-12-02,433.6216735839844,127637800,-0.008701368119944375,439.01111755371096,429.54595764160155,43.548708907177726,-2.28120853841869,121415000.0
2021-12-03,429.84857177734375,137331600,0.011843287722116624,437.46490783691405,429.74011169433595,36.10842225917375,-2.340546442638738,126347400.0
2021-12-06,434.93939208984375,98977500,0.020684820069247323,436.5074157714844,430.0222406005859,42.15403234293331,-1.951148110439577,128889140.0
2021-12-07,443.93603515625,95484700,0.002648056327617887,436.57472229003906,430.50838134765627,49.20251654214705,-1.0471959580819554,118274160.0
2021-12-08,445.1116027832031,72238800,-0.006751538197365181,436.7008087158203,431.18716003417967,51.09872112746231,-0.3648540970228724,106334080.0
2021-12-09,442.1064147949219,61272600,0.009413442159605268,436.4078735351562,431.7919940185547,47.37499756242809,-0.12315724118542581,93061040.0
2021-12-10,446.2681579589844,77159800,-0.008858251360925995,437.5236846923828,432.5807421875,51.36170765295339,0.2873392166726705,81026680.0
2021-12-13,442.31500244140625,87724700,-0.0068801936941492725,437.7104461669922,433.19372924804685,49.293621697045275,0.2635883120746427,78776120.0
2021-12-14,439.27178955078125,97264100,0.015625197564161475,438.44989318847655,433.85202880859373,46.70844428181506,0.026374276702549437,79132000.0
2021-12-15,446.135498046875,116899300,-0.00881867995059571,440.35541381835935,434.5630389404297,50.7308673624604,0.2999773043553047,88064100.0
2021-12-16,442.201171875,116568600,-0.010642890900016355,441.21336364746094,435.16123474121093,55.12044263373063,0.18961879283619587,99123300.0
2021-12-17,437.494873046875,135511600,-0.01063328588114032,441.9779937744141,435.5940130615234,47.84840540749709,-0.20531186836992976,110793660.0
2021-12-20,432.8428649902344,107134800,0.017759006218186935,441.7683410644531,435.94892150878906,50.7462383821116,-0.7539712645874468,114675680.0
2021-12-21,440.52972412109375,69806300,0.009998560471090379,441.4277099609375,436.5176702880859,59.950157884541305,-0.5810670904358162,109184120.0
2021-12-22,444.93438720703125,58890200,0.006222182897896555,441.4099884033203,437.1948004150391,58.6426134384543,-0.17310248624737046,97582300.0
2021-12-23,447.7028503417969,56439700,0.014152172613466574,441.9696319580078,437.89772155761716,63.85284163100352,0.25678334008859083,85556520.0
2021-12-27,454.038818359375,56808600,-0.0008171828042906615,442.7466979980469,438.58857299804686,64.53803047492681,0.9049582045179718,69815920.0
2021-12-28,453.66778564453125,47274600,0.0012792461831483415,443.88197631835936,439.20810791015623,58.52731876004779,1.2258863108424891,57843880.0
2021-12-29,454.2481384277344,54503000,-0.002764631819446972,445.3796112060547,439.8142218017578,58.09015786543876,1.3828000643697052,54783220.0
2021-12-30,452.9923095703125,55329000,-0.0025202019017961375,446.06529235839844,440.3298065185547,59.947339272398516,1.308354617093995,54070980.0
2021-12-31,451.8506774902344,65237400,0.005789922534703784,447.0302429199219,440.78899841308595,55.39921512328043,1.0971060250093712,55830520.0
2022-01-03,454.46685791015625,72668200,-0.0003350127619112797,448.72744140625,441.2781427001953,62.064859466711596,1.0485001606067073,59002440.0
2022-01-04,454.3146057128906,71178700,-0.019202012819120262,450.87461547851564,441.7731524658203,65.84469261316261,0.9253189607100123,63783260.0
2022-01-05,445.5908508300781,104538900,-0.0009393799284315163,451.38072814941404,442.04761291503905,49.44795113685504,0.21273048145309037,73790440.0
2022-01-06,445.1722717285156,86858900,-0.0039535475980820856,451.4045166015625,442.305927734375,53.242576582253605,-0.3023999360547829,80096420.0
2022-01-07,443.4122619628906,85111600,-0.0012444137824143553,450.9754577636719,442.56734252929687,56.90193886885672,-0.7516812186886113,84071260.0
2022-01-10,442.8604736328125,119362000,0.009108404749507581,449.8576232910156,442.73467529296875,62.92015690423504,-1.057318369117429,93410020.0
2022-01-11,446.89422607421875,74303100,0.0027033911210387895,449.1802673339844,442.96505065917967,59.06256083655477,-0.9618518140490018,94034900.0
2022-01-12,448.10235595703125,67605400,-0.013778467656508808,448.56568908691406,443.204609375,54.962710827245964,-0.7981181172858243,86648200.0
2022-01-13,441.9281921386719,91173100,0.0004090158049425696,447.45927734375,443.28541870117186,41.826021747281594,-1.069480754596691,87511040.0
2022-01-14,442.10894775390625,95890900,-0.0177097770101331,446.4851043701172,443.3163763427734,29.549877378152388,-1.1913343920603163,89666900.0
2022-01-18,434.279296875,109709100,-0.010383428115906868,444.4663482666016,443.1492156982422,23.53239659120071,-1.7215810524851038,87736320.0
2022-01-19,429.7699890136719,109357600,-0.011068045672766091,442.0118865966797,442.8611541748047,19.821631204606405,-2.264183775769991,94747220.0
2022-01-20,425.0132751464844,122379700,-0.019630806281542124,439.9541290283203,442.47037536621093,18.246540537208148,-2.7967152490019522,105702080.0
2022-01-21,416.669921875,202271200,0.0042468418215482195,437.10389404296876,441.94211730957034,15.682931113009673,-3.517534745988703,127921700.0
2022-01-24,418.439453125,251783900,-0.01220894343286294,434.6066131591797,441.5205401611328,14.266852796671941,-3.665185141560816,159100300.0
2022-01-25,413.33074951171875,167997300,-0.0025087821032777624,431.6536407470703,440.9939440917969,12.9897123140817,-3.8764433526157998,170757940.0
2022-01-26,412.2937927246094,186391100,-0.00493803017503347,428.1935974121094,440.3802490234375,15.083805676308103,-3.8478106369884166,186164640.0
2022-01-27,410.25787353515625,149878300,0.02483558761110527,424.4091491699219,439.72280151367187,14.588952353596994,-3.725301418228085,191664360.0
2022-01-28,420.4468688964844,164457400,0.01801091266492927,422.2610168457031,439.23405700683594,30.10886953101624,-2.7617181591937987,184101600.0
2022-01-31,428.0195007324219,152251400,0.006756911399599996,420.85207214355466,438.91838012695314,38.53953539669725,-1.482154306277443,164195100.0
2022-02-01,430.9115905761719,123155400,0.00971415876263304,420.5153015136719,438.6303985595703,37.43639862570654,-0.3669399160948208,155226720.0
2022-02-02,435.0975341796875,117361000,-0.02350505103499434,421.0480560302734,438.44206298828124,40.23437929681628,0.6702090882496359,141420700.0
2022-02-03,424.87054443359375,118024400,0.004702503735412256,421.0337829589844,438.07421447753904,37.92593354246494,0.6827318793001735,135049920.0
2022-02-04,426.8684997558594,118454400,-0.0032094793491419527,422.0536407470703,437.73456970214846,39.48278091497883,0.8309936952732837,125849320.0
2022-02-07,425.49847412109375,84472900,0.008227654633589099,422.75954284667966,437.34382385253906,43.347369375101735,0.839731293797211,112293620.0
2022-02-08,428.99932861328125,81012000,0.014636224919882368,424.32640075683594,437.2216094970703,49.40706265323555,1.069494049463751,103864940.0
2022-02-09,435.27825927734375,92589900,-0.01796567642123459,426.6248474121094,437.11822692871095,57.71700262874978,1.600599286262839,98910720.0
2022-02-10,427.45819091796875,140103700,-0.019718782461563777,428.3448791503906,437.02984436035155,58.17471519959153,1.3893254687544108,103326580.0
2022-02-11,419.02923583984375,153214600,-0.0032691586402782136,428.20311584472654,436.8688232421875,50.40593472109264,0.6817938832103239,110278620.0
2022-02-14,417.65936279296875,123006300,0.016126861428238826,427.16710205078124,436.54957702636716,53.14094665971041,0.14924769538592297,117985300.0
2022-02-15,424.3948974609375,88482700,0.00112076505985792,426.5154327392578,436.44050354003906,58.11014178313533,0.2712239349418497,119479440.0
2022-02-16,424.87054443359375,84863600,-0.02136141537827685,425.49273376464845,436.23912658691404,60.00258196916511,0.3969383730529721,117934180.0
2022-02-17,415.7947082519531,102259100,-0.006474902568933127,424.58515014648435,435.6763000488281,46.766248940411,-0.09205236072699874,110365260.0
2022-02-18,413.10247802734375,132642900,-0.010731765911855429,423.2085479736328,435.03611755371094,38.87634977527451,-0.5330980602859223,106250920.0
2022-02-22,408.6691589355469,124391800,-0.01773849547216244,421.52561645507814,434.36737243652345,33.78646288442749,-1.030869582569232,106528020.0
2022-02-23,401.41998291015625,132578000,0.015048963297862983,418.76768188476564,433.47040893554686,26.5003381595602,-1.7154535966924582,115347080.0
2022-02-24,407.4609375,213942900,0.02206396498418184,415.98594970703124,432.77332763671876,37.09813844174783,-1.6291860828563713,141162940.0
2022-02-25,416.4511413574219,121804500,-0.002558281306299759,414.88524475097654,432.31691467285157,43.0048795921897,-0.8723586078907202,145072020.0
2022-02-28,415.3857421875,145615000,-0.015230513335919404,414.52089538574216,431.70191955566406,43.18153759543304,-0.3746480987855776,147666440.0
2022-03-01,409.0592041015625,137785900,0.01839630284931748,413.66087951660154,431.0390802001953,37.04895170318501,-0.40033758710658773,150345260.0
2022-03-02,416.5843811035156,117726500,-0.004978595504370964,412.87982788085935,430.6208703613281,38.051809994909114,0.13215917867434257,147374960.0
2022-03-03,414.5103759765625,105501700,-0.008124393160817478,411.84381103515625,430.2542205810547,41.0683595509781,0.37370331876192076,125686720.0
2022-03-04,411.1427307128906,113978200,-0.029479247271721798,411.37861328125,429.66648071289063,44.15134598819791,0.33681300999575825,124121460.0
2022-03-07,399.0225524902344,137896600,-0.007581774647536177,409.9706207275391,428.7482440185547,38.079588996441586,-0.43199463710588404,122577780.0
2022-03-08,395.99725341796875,164772700,0.02681080311262951,408.70343017578125,427.7141320800781,30.931352097044297,-1.0378531817822783,127975140.0
2022-03-09,406.6142578125,116990800,-0.004515632617869025,409.2228576660156,426.7656408691406,39.21061079909244,-0.6368328661814724,127828000.0
2022-03-10,404.77813720703125,93972700,-0.012715012398435754,408.95457763671874,425.7878479003906,42.8799714718393,-0.4190204088516625,125522200.0
2022-03-11,399.6313781738281,95636300,-0.007308370804668396,407.27260131835936,424.6955126953125,41.56134138848521,-0.5377793546234759,121853820.0
2022-03-14,396.7107238769531,95729200,0.02199052465199025,405.4050994873047,423.5698809814453,42.364205647760514,-0.717978683593862,113420340.0
2022-03-15,405.4346008300781,106219100,0.02217423929535256,405.0426391601562,422.64155944824216,52.516061165354934,-0.18247810858634228,101709620.0
2022-03-16,414.4248046875,144954800,0.012510869027337002,404.82668151855466,421.84071838378907,54.208839536885996,0.7909497411736055,107302420.0
2022-03-17,419.609619140625,102676900,0.010952766621225907,405.33660583496095,421.14661865234376,52.000969773460454,1.7431794301381052,109043260.0
2022-03-18,424.20550537109375,106345500,-0.00029222252133509485,406.64288330078125,420.7189117431641,55.34828255222887,2.5906479869556556,111185100.0
2022-03-21,424.08154296875,88349800,0.011701096924765064,409.14878234863284,420.29709716796873,59.850509002598244,3.020914269464569,109709220.0
2022-03-22,429.04376220703125,74650400,-0.012878313575750533,412.45343322753905,420.00972717285157,58.45407306878199,3.4848339348462902,103395480.0
2022-03-23,423.5184020996094,79426100,0.01507452414642585,414.14384765625,419.6228857421875,55.83875290132661,3.2682919987960397,90289740.0
2022-03-24,429.9027404785156,64736900,0.004883491245472049,416.65630798339845,419.2830560302734,61.702087967062795,3.389201435403864,82701740.0
2022-03-25,432.0021667480469,77101300,0.007113103158009615,419.8933868408203,418.96105224609374,73.51121349012755,3.4341028262934072,76852900.0
2022-03-28,435.0750427246094,68529800,0.012370814543417596,423.7298187255859,418.8239892578125,77.83972592077566,3.4833063126988426,72888900.0
2022-03-29,440.457275390625,86581500,-0.006174918089942305,427.2320861816406,418.79095581054685,76.05364056685336,3.6720655303214116,75275120.0
2022-03-30,437.73748779296875,79666900,-0.01539119877867634,429.5633544921875,418.86011962890626,75.03277402702398,3.4129791209725853,75323280.0
2022-03-31,431.00018310546875,121699900,0.002834168400597692,430.70241088867186,418.88472351074216,73.26270812446393,2.6226060617349547,86715880.0
2022-04-01,432.2217102050781,89048800,0.008566521836659291,431.5040313720703,419.02889221191407,77.01531083682588,2.0426020865322916,89105380.0
2022-04-04,435.9243469238281,59601000,-0.012631289488531094,432.6883117675781,419.41398071289063,75.11404643904638,1.778541260705532,87319620.0
2022-04-05,430.4180603027344,74214500,-0.009999405130722727,432.82574157714845,419.6535528564453,63.97555976428058,1.1346043557814887,84846220.0
2022-04-06,426.1141357421875,106898000,0.005039064928308523,433.08531494140624,419.9092205810547,55.77278508577111,0.3604706654467327,90292440.0
2022-04-07,428.2613525390625,78097200,-0.00267400294785225,432.9211761474609,420.22857177734375,53.763142485324245,-0.04381129558408414,81571900.0
2022-04-08,427.1161804199219,79272700,-0.017092554500321988,432.4325775146484,420.56573791503905,52.76326751332879,-0.4050969436589691,79616680.0
2022-04-11,419.815673828125,89770500,-0.003705006789507803,430.906640625,420.55311401367186,41.94033653851279,-1.1123899132656292,85650580.0
2022-04-12,418.26025390625,84363600,0.011453460612166566,428.6869384765625,420.3579290771484,45.06542714517695,-1.6303027311896008,87680400.0
2022-04-13,423.05078125,74070400,-0.012451697121910188,427.2182678222656,420.200712890625,43.3714039072773,-1.5936665743131924,81114880.0
2022-04-14,417.7830810546875,97869500,0.0004110324709076796,425.8965576171875,419.854423828125,37.03894511432175,-1.8496306865136285,85069340.0
2022-04-18,417.9548034667969,66002500,0.016142623917868804,424.46986694335936,419.7161090087891,33.52301096946478,-1.9242259912410937,82415300.0
2022-04-19,424.7016906738281,77821000,-0.0007412716804541253,423.34760131835935,419.67277282714844,35.22450902334697,-1.4572350753124335,80025400.0
2022-04-20,424.3868713378906,65224400,-0.014953644421391799,422.744482421875,419.6505407714844,36.888446914863444,-1.1226091246572603,76197560.0
2022-04-21,418.0407409667969,85417300,-0.027439126102623,421.93714294433596,419.4313690185547,37.17406996867931,-1.2708341419222742,78466940.0
2022-04-22,406.570068359375,132471800,0.005797565739972921,419.7680145263672,418.8572052001953,28.894354890953082,-2.0380704167514256,85387400.0
2022-04-25,408.92718505859375,119647700,-0.028960666807664626,417.94911499023436,418.4865850830078,27.28433362828541,-2.265968778204639,96116440.0
2022-04-26,397.0843811035156,103996300,0.002811708666556889,415.6759857177734,418.04768798828127,24.655288271447958,-3.0449149369236244,101351500.0
2022-04-27,398.20086669921875,122030000,0.025259410345267908,413.6700469970703,417.65851806640626,27.695501068573037,-3.2944419736795503,112712620.0
2022-04-28,408.2591857910156,105449100,-0.03695575002147211,412.1908874511719,417.3358038330078,35.81090296320319,-2.6209031181289757,116718980.0
2022-04-29,393.1716613769531,145491100,0.006019506112066697,409.72974548339846,416.701826171875,29.897032053589896,-3.002887882724869,119322840.0
2022-05-02,395.5383605957031,158312500,0.004584136672777017,407.48810119628905,416.29669921875,34.729872033433395,-2.905698166074278,127055800.0
2022-05-03,397.3515625,100028200,0.030452790448477263,404.7530883789062,415.98168090820315,36.89120289231721,-2.5419662449309754,126262180.0
2022-05-04,409.4520263671875,144247900,-0.035542722012884664,403.2596038818359,415.9973382568359,42.19005888951206,-1.3679355813258667,130705760.0
2022-05-05,394.89898681640625,172929100,-0.0059690650345245455,400.9454284667969,415.8669183349609,38.123989962819856,-1.4454165102170915,144201760.0
2022-05-06,392.54180908203125,151770800,-0.032017109791717346,399.5426025390625,415.56853576660154,37.10410617358514,-1.521653175182136,145457700.0
2022-05-09,379.9737548828125,155586100,0.002310500860173148,396.6472595214844,414.8389880371094,28.568825793123565,-2.241279633803126,144912420.0
2022-05-10,380.8516845703125,132497200,-0.01588621821530367,395.02398986816405,414.14830688476565,29.252285205250345,-2.4632467334387522,151406220.0
2022-05-11,374.8013916015625,142361000,-0.0010437656923116823,392.6840423583984,413.4631506347656,29.335003023469298,-2.7981834527415916,151028840.0
2022-05-12,374.4101867675781,125090800,0.023907883110096728,389.2991424560547,412.6196667480469,32.80961421199564,-2.8188419945818346,141461180.0
2022-05-13,383.3615417480469,104174400,-0.004057716646986953,388.31813049316406,411.99669006347654,37.234354775937774,-2.038789055934844,131941900.0
2022-05-16,381.80596923828125,78622400,0.020570348472042754,386.94489135742185,411.4099548339844,41.4975695599054,-1.4636380913631015,116549160.0
2022-05-17,389.65985107421875,83029700,-0.04031171079418572,386.17572021484375,411.2227008056641,45.578484925848876,-0.4432407570700718,106655660.0
2022-05-18,373.9519958496094,117674500,-0.006124374768385454,382.62571716308594,410.7817956542969,33.22128398346037,-0.6999073178280693,101718360.0
2022-05-19,371.6617736816406,98510700,0.0004364207976721435,380.3019958496094,410.0827459716797,37.97483169377651,-0.885680675937218,96402340.0
2022-05-20,371.823974609375,131432200,0.01871014011244987,378.23021240234374,409.42366271972656,36.40736025647619,-0.8587544435721455,101853900.0
2022-05-23,378.7808532714844,76414900,-0.007633728011307905,378.1109222412109,409.0066522216797,39.94831814273033,-0.2643460116809866,101412400.0
2022-05-24,375.88934326171875,91448800,0.008834841718963649,377.61468811035155,408.590224609375,29.822157607710494,0.02669073732776006,103096220.0
2022-05-25,379.21026611328125,91472900,0.019981471052301636,378.0555755615234,408.06573791503905,39.095219347963315,0.5087254837382531,97855900.0
2022-05-26,386.7874450683594,82168300,0.02454906408276125,379.2933013916016,407.51299072265624,46.270909498670406,1.3556698495965929,94587420.0
2022-05-27,396.28271484375,84768700,-0.005610843323020198,380.5854187011719,407.04645263671875,61.00732926664492,2.5062525016146413,85254720.0
2022-05-31,394.0592346191406,95937000,-0.008088653093858533,381.8107452392578,406.4435272216797,58.75509129845659,3.033258800802777,89159140.0
2022-06-01,390.871826171875,86585800,0.01904343567908029,381.93194274902345,405.7793328857422,61.07313963112245,3.073363924048527,88186540.0
2022-06-02,398.31536865234375,79609600,-0.01641151032968291,384.3682800292969,405.1647650146484,65.01255893769746,3.4776240805335012,85813880.0
2022-06-03,391.7784118652344,71874300,0.0030448375285632157,386.37994384765625,404.52996520996095,55.45113733030173,3.188808560594339,83755080.0
2022-06-06,392.9713134765625,57508900,0.00959207211931079,388.494677734375,403.79133666992186,57.26530044878668,2.966760385470252,78303120.0
2022-06-07,396.74072265625,59272400,-0.010871973170056282,390.29066467285156,403.08610778808594,54.866194642752276,2.955865667623857,70970200.0
2022-06-08,392.4273681640625,64350000,-0.023782920368984994,391.94446716308596,402.233154296875,65.05459582182192,2.555328854693052,66523040.0
2022-06-09,383.09429931640625,86289800,-0.028995874688546364,392.33287048339844,401.0858947753906,58.35661052035164,1.6053981722269617,67859080.0
2022-06-10,371.98614501953125,132893900,-0.03796798849346006,390.8527404785156,399.7708679199219,50.10218672672493,0.24397415830590585,80063000.0
2022-06-13,357.8625793457031,170004900,-0.0030132757244930586,387.01072692871094,398.30811584472656,37.910849459255445,-1.4969903833482792,102562200.0
2022-06-14,356.78424072265625,104011800,0.0142563073160058,383.2832275390625,396.79936645507814,38.72237230172152,-2.5486514785370913,111510080.0
2022-06-15,361.87066650390625,125666800,-0.03309608258815433,380.38311157226565,395.3182928466797,39.97352314413193,-2.7139109605836618,123773440.0
2022-06-16,349.8941650390625,134473300,0.002155716031598587,375.5409912109375,393.70781494140624,29.699604543966146,-3.397658511527948,133410140.0
2022-06-17,350.6484375,111113900,0.02517361111111116,371.42799377441406,392.1985009765625,22.217379187336277,-3.5503489612568586,129054140.0
2022-06-21,359.47552490234375,76811900,-0.0018128420939319545,368.0784149169922,390.8227844238281,30.512045074576875,-2.838898669108527,110415540.0
2022-06-22,358.8238525390625,90059400,0.009802312309809436,364.28672790527344,389.4569378662109,31.409664054472998,-2.2215589808839553,107625060.0
2022-06-23,362.3411560058594,79292100,0.03179405374880129,361.2781066894531,388.3074475097656,28.136231629232384,-1.4244502822550995,98350120.0
2022-06-24,373.8614501953125,98050300,-0.0038197842211689093,360.3548217773438,387.4194714355469,39.732676713004345,-0.04247282394697116,91065520.0
2022-06-27,372.4333801269531,66009600,-0.020432735543408853,360.39954528808596,386.4071234130859,38.26236373701467,0.8074059471269353,82044660.0
2022-06-28,364.82354736328125,86548900,-0.0008143351085587724,361.09564208984375,385.3479327392578,32.52606232502872,0.8828776250041281,83992060.0
2022-06-29,364.5264587402344,65676000,-0.00812445378965232,361.86986389160154,384.27936584472656,34.02223465753056,0.9336795800147124,79115380.0
2022-06-30,361.56488037109375,112508300,0.01057660023103102,361.8392852783203,383.0166296386719,36.700414139250924,0.7941863527478752,85758620.0
2022-07-01,365.3890075683594,74839700,0.0018884050343992431,363.38876953125,381.83667236328125,45.52166608315914,0.9739700225921206,81116500.0
2022-07-05,366.0790100097656,81438000,0.0033773833690253774,364.93182678222655,380.7974377441406,56.82171752541586,1.1422133143450832,84202180.0
2022-07-06,367.3153991699219,70426200,0.0149772465392084,365.7158142089844,380.01234436035156,58.720640791527956,1.3266695180644428,80977640.0
2022-07-07,372.8167724609375,64525900,-0.000822660574339884,367.1151062011719,379.2901361083984,59.00238435860753,1.7807757371711617,80747620.0
2022-07-08,372.51007080078125,72397800,-0.011423588098384396,368.1319976806641,378.79864990234375,73.01836181180478,2.0053718407726198,72725520.0
2022-07-11,368.2546691894531,58366900,-0.008848866687235168,367.5713195800781,378.1997259521484,66.72739998573482,1.8177742973762143,69430960.0
2022-07-12,364.99603271484375,62219200,-0.005251756033976096,366.8275848388672,377.334462890625,55.86558340661421,1.4411240818531468,65587200.0
2022-07-13,363.07916259765625,84224600,-0.0024283501793420648,366.6531463623047,376.73261291503906,54.40292522119144,1.0480677217104013,68346880.0
2022-07-14,362.1974792480469,89704800,0.01910513109210976,366.4202484130859,376.06579528808595,49.84276330466914,0.7290074146352072,73382660.0
2022-07-15,369.1173095703125,79060400,-0.008257052611457927,367.1754913330078,375.5011102294922,44.22679554769237,0.9692648900197254,74715180.0
2022-07-18,366.0694885253906,63203600,0.027019186160654574,367.24353942871096,374.6334594726562,42.549416406918795,0.9091758470480471,75682520.0
2022-07-19,375.96038818359375,78506000,0.006373244952907919,368.23167724609374,374.2546875,62.37745729829465,1.4876321243747834,78939880.0
2022-07-20,378.3564758300781,71843800,0.010183106367688044,369.3357849121094,373.9709808349609,64.68547467205889,1.954300596005805,76463720.0
2022-07-21,382.2093200683594,64903900,-0.009278091635936292,370.27503967285156,374.01569213867185,71.51418585199391,2.414951660367305,71503540.0
2022-07-22,378.66314697265625,72197300,0.0012148580508402063,370.8903472900391,373.97192138671875,63.91398394300399,2.3699908763154305,70130920.0
2022-07-25,379.1231689453125,53631500,-0.011830936348617427,371.977197265625,374.05835693359376,63.73915877702712,2.2607436210550786,68216500.0
2022-07-26,374.6377868652344,52946400,0.025966405865170294,372.9413726806641,374.0629089355469,57.21848104434219,1.796172947426687,63104580.0
2022-07-27,384.36578369140625,82342100,0.012542380255878172,375.0700347900391,374.08299377441404,60.509352495609505,2.0362167965784606,65204240.0
2022-07-28,389.1866455078125,73966600,0.01457875985229351,377.7689514160156,374.23060729980466,64.02323545141095,2.3875130404061586,67016780.0
2022-07-29,394.8605041503906,87003700,-0.0029613281428424454,380.34327087402346,374.3346203613281,71.85141777809415,2.8391192398355285,69978060.0
2022-08-01,393.6911926269531,69997500,-0.00659727747967076,383.1054412841797,374.729404296875,74.4049451339506,2.8867377727471437,73251260.0
2022-08-02,391.0939025878906,63435400,0.015659327689847347,384.61879272460936,375.118046875,73.5536494561801,2.5809387084857836,75349060.0
2022-08-03,397.2181701660156,67820600,-0.000675397173258041,386.5049621582031,375.6259307861328,77.05861436715045,2.6203617840038826,72444760.0
2022-08-04,396.94989013671875,45656600,-0.001690287588756223,387.97901916503906,375.9893115234375,73.96835608705388,2.4601669972099947,66782760.0
2022-08-05,396.2789306640625,56814900,-0.0011608539769837334,389.7405975341797,376.39710327148435,77.12566882286627,2.151947997422824,60745000.0
2022-08-08,395.81890869140625,53886100,-0.003971027727110332,391.41017150878906,376.7292761230469,71.46711268581382,1.7756644515946736,57522720.0
2022-08-09,394.2471008300781,44931800,0.02100383405777473,393.37110290527346,376.87846923828124,67.489486907337,1.3014460956431497,53822000.0
2022-08-10,402.5278015136719,68665700,0.0,395.1873046875,377.0033709716797,70.37678611652481,1.4165012270195847,53991020.0
2022-08-11,402.5278015136719,59489700,0.01692914899138609,396.52142028808595,377.1727423095703,75.76577698613058,1.3631867187968991,56757640.0
2022-08-12,409.3422546386719,61694500,0.0041206778899820495,397.96959533691404,377.5421508789062,78.68980891018484,1.6389117173105214,57733560.0
2022-08-15,411.0290222167969,54048300,0.0019587783406425086,399.70337829589846,377.79642395019533,86.48860362245935,1.7754460203411329,57766000.0
2022-08-16,411.8341369628906,59289000,-0.0070979722016651925,401.77740173339845,378.1975384521484,83.54405754735052,1.757269313583274,60637440.0
2022-08-17,408.91094970703125,63563400,0.0029065181084773073,402.9466796875,378.51633117675783,75.2577649946071,1.4011389001480046,59616980.0
2022-08-18,410.0994567871094,49023200,-0.013438095855385912,404.2616363525391,378.783505859375,72.04666909201366,1.1110598432457248,57523680.0
2022-08-19,404.5885009765625,68016900,-0.020822540745820683,405.09259338378905,379.026728515625,64.00599018945661,0.4475105198467393,58788160.0
2022-08-22,396.1639404296875,77695600,-0.00241921195547512,405.12709655761716,379.28812133789063,55.6674323991488,-0.6022977938324798,63517620.0
2022-08-23,395.2055358886719,49105200,0.003201212037440726,405.2229400634766,379.75250915527346,47.45646486026177,-1.3613276805134458,61480860.0
2022-08-24,396.4706726074219,49177800,0.014117405997174703,404.6172271728516,380.5246710205078,49.40925701740064,-1.7533097318164375,58603740.0
2022-08-25,402.06781005859375,50942300,-0.033848912459531144,404.57122802734375,381.4303424072266,56.36325821363158,-1.6142306500172658,58987560.0
2022-08-26,388.458251953125,103087000,-0.006612302616073484,402.4828277587891,381.96209411621095,43.72346327718313,-2.3716307755440234,66001580.0
2022-08-29,385.8896484375,65370800,-0.01097776546181084,399.96889038085936,382.6820037841797,42.99260461695846,-2.9412091798999462,63536620.0
2022-08-30,381.6534423828125,85652400,-0.007609215401862435,396.95082092285156,383.30210388183593,31.2242420782124,-3.462925214550345,70846060.0
2022-08-31,378.7493591308594,76029700,0.003137977798313596,393.9346618652344,383.68758056640627,29.67400015025919,-3.8343871542558126,76216440.0
2022-09-01,379.9378662109375,78740100,-0.01054442302866776,390.9185028076172,384.10986083984375,22.19008195287637,-3.822281191569895,81776000.0
2022-09-02,375.931640625,99632100,-0.0037731780940060133,388.0528167724609,384.38167053222656,18.20093665962338,-3.893200864077183,81085020.0
2022-09-06,374.51318359375,76637400,0.01796497210571535,385.8877410888672,384.3947052001953,16.558003849185013,-3.8384229338839724,83338340.0
2022-09-07,381.2413024902344,70964200,0.00653631394479004,384.49131774902344,384.57086364746095,26.788946295643015,-3.179087744981504,80400700.0
2022-09-08,383.73321533203125,80821700,0.015535180453262631,383.2175720214844,384.9490570068359,28.35563567820691,-2.438490208468854,81359100.0
2022-09-09,389.694580078125,76706900,0.010747709074552025,381.9802490234375,385.4524194335938,37.863152470819486,-1.458812225729836,80952460.0
2022-09-12,393.8829040527344,69256300,-0.04348250199217385,382.52271423339846,386.0987799072266,48.00336578915734,-0.4904659814901544,74877300.0
2022-09-13,376.7558898925781,122947100,0.0038158728939858833,381.6093383789063,386.32611755371096,37.413369820302236,-0.9391617737103337,84139240.0
2022-09-14,378.19354248046875,85023700,-0.011353346169978518,381.2633483886719,386.568408203125,37.5603439788538,-1.0656164857854904,86951140.0
2022-09-15,373.8997802734375,87633800,-0.007628909296709341,380.7783905029297,386.7000958251953,30.482184212351527,-1.346804513768217,88313560.0
2022-09-16,371.0473327636719,103084800,0.0077549996179619995,379.88933715820315,386.66470703125,35.822345745095916,-1.6151850686882288,93589140.0
2022-09-19,373.9248046875,73278500,-0.011478549173541852,379.68865356445315,386.69300170898435,40.30583078325992,-1.4921177898426388,94393580.0
2022-09-20,369.6326904296875,77274900,-0.017443843870818987,379.2006042480469,386.7205621337891,40.26934835839596,-1.5842953848977914,85259140.0
2022-09-21,363.18487548828125,106746600,-0.008399825827449803,377.39496154785155,386.6843389892578,38.08436641548102,-1.940513046943697,89603720.0
2022-09-22,360.1341857910156,89472600,-0.01675485643990693,375.03505859375,386.625439453125,35.25927736438031,-2.2223329706705073,89971480.0
2022-09-23,354.1001892089844,122346900,-0.009892654196207884,371.4756195068359,386.46349365234374,34.22609007035244,-2.628070896720476,93823900.0
2022-09-26,350.5971984863281,92581200,-0.002552842792566956,367.1470489501953,386.09309143066406,33.225251713587426,-2.922695987170563,97684440.0
2022-09-27,349.7021789550781,108294100,0.019676602954819655,364.4416778564453,385.7657452392578,25.906888914791935,-2.9591369266989025,103888280.0
2022-09-28,356.5831298828125,110802200,-0.02088918359990266,362.2806365966797,385.37820007324217,30.563102723534783,-2.3288540077864788,104699400.0
2022-09-29,349.1343994140625,112952300,-0.01546339667474217,359.80409851074216,384.7937585449219,21.568231486821603,-2.222900823706121,109395340.0
2022-09-30,343.735595703125,153711200,0.026401141809209383,357.0729248046875,384.0242840576172,15.434462234110356,-2.3152536231476297,115668200.0
2022-10-03,352.81060791015625,89756500,0.030986433752810516,354.9615051269531,383.5072332763672,31.434155575273593,-1.5980974351362551,115103260.0
2022-10-04,363.7429504394531,103602800,-0.002328022458688017,354.3725311279297,383.19962890625,40.23373030883404,-0.288978339583446,114165000.0
2022-10-05,362.8961486816406,88065700,-0.010315706813195158,354.3436584472656,382.9647961425781,42.199899017737664,0.5714866218992753,109617700.0
2022-10-06,359.1526184082031,82333500,-0.02789404414909258,354.24550170898436,382.46053283691407,41.67343161449539,0.9194718886975295,103493940.0
2022-10-07,349.1343994140625,107789500,-0.007635373337170015,353.74892272949216,381.65948791503905,34.22340166029386,0.5254712107824382,94309600.0
2022-10-10,346.4686279296875,76042800,-0.006332904786047533,353.3360656738281,380.691650390625,34.94680294083116,0.1550806522031145,91566860.0
2022-10-11,344.27447509765625,92482800,-0.0032984120641216252,352.7932952880859,379.70331604003906,36.991898591322226,-0.15135091542904,89342860.0
2022-10-12,343.138916015625,76991800,0.026391020400612808,351.44887390136716,378.74421630859376,37.99292211087889,-0.3337286380892852,87128080.0
2022-10-13,352.1947021484375,147254500,-0.022788707390425378,351.75490417480466,377.8437469482422,48.708908878192574,0.22235720538654746,100112280.0
2022-10-14,344.16864013671875,123737000,0.025697131281346097,351.79820861816404,376.7881219482422,45.89579559230217,0.1215163275750708,103301780.0
2022-10-17,353.0127868652344,93168200,0.011749360688541488,351.81842651367185,375.9227990722656,51.918839943964116,0.6905531027200071,106726860.0
2022-10-18,357.16046142578125,97162900,-0.007086467100169025,351.16017761230466,375.1496301269531,50.34557262249397,1.348334572859498,107662880.0
2022-10-19,354.62945556640625,79746900,-0.008385182803697377,350.33350830078126,374.3572772216797,53.49492168636347,1.5979665979383526,108213900.0
2022-10-20,351.65582275390625,88283100,0.02430136166979291,349.5838287353516,373.3398376464844,55.19770214020438,1.546802827566534,96419620.0
2022-10-21,360.2015380859375,131038400,0.012236462944769322,350.69054260253904,372.49331237792967,54.88427905325826,2.0414005801325033,97879900.0
2022-10-24,364.609130859375,85436900,0.015968680341145403,352.5045928955078,371.59864990234377,50.626435429455775,2.5834053715089684,96333640.0
2022-10-25,370.43145751953125,78846300,-0.007534087563182301,355.1202911376953,370.7866986083984,55.083787150372146,3.2111080977637547,92670320.0
2022-10-26,367.6405944824219,104087300,-0.005339986471148861,357.570458984375,369.90282775878904,55.80108607417308,3.302627005822375,97538400.0
2022-10-27,365.6773986816406,81971800,0.023790661010537173,358.9187286376953,369.03815673828126,62.70515644460653,3.0985711462961616,96276140.0
2022-10-28,374.3771057128906,100302000,-0.0072232612292439935,361.9395751953125,368.3237097167969,69.61589099415666,3.393370971861142,90128860.0
2022-10-31,371.6728820800781,96631300,-0.004375983303031128,363.8055847167969,367.6653973388672,69.12028350608776,3.2498835902387295,92367740.0
2022-11-01,370.04644775390625,85407600,-0.025095990477071672,365.09418334960935,367.1430474853516,68.64994521602654,2.9005829773831624,93680000.0
2022-11-02,360.759765625,126990400,-0.010296855459127618,365.70721435546875,366.4541320800781,55.917611398518,1.94512339940546,98260620.0
2022-11-03,357.0450744628906,87100100,0.014392990971612507,366.2461395263672,365.6656201171875,59.45991271325636,1.0109800118682297,99286280.0
2022-11-04,362.18402099609375,103505200,0.009565601616306596,366.4443878173828,364.8679443359375,57.12575798747006,0.7018807855649262,99926920.0
2022-11-07,365.6485290527344,68286900,0.005395536194711115,366.54832763671874,364.4117498779297,56.66572242169597,0.6922921425436485,94258040.0
2022-11-08,367.62139892578125,84641100,-0.02060231684334457,366.26732177734374,364.0463848876953,60.29286752538885,0.7741628451835924,94104740.0
2022-11-09,360.04754638671875,78495500,0.054954222049462764,365.5080169677734,363.61426696777346,56.19666536564788,0.298052701126934,84405760.0
2022-11-10,379.83367919921875,141455800,0.00967846901792413,366.92364501953125,363.6359533691406,62.43295581925708,1.2425404775590203,95276900.0
2022-11-11,383.5098876953125,93839900,-0.008506744568966051,367.83692321777346,363.70739379882815,62.08169373899297,1.9969901638245933,93343840.0
2022-11-14,380.2474670410156,71903500,0.00852908787989426,368.6943817138672,363.79371032714846,56.486858329390614,2.1454195105924567,94067160.0
2022-11-15,383.4906311035156,93194500,-0.007628625980714454,370.03880004882814,363.97325927734374,60.412169335929356,2.3165075108581465,95777840.0
2022-11-16,380.56512451171875,68508500,-0.003059976305411549,372.0193359375,363.9597357177734,59.657903749794606,2.0938788612654444,93780440.0
2022-11-17,379.4006042480469,74496300,0.004540548297207847,374.2548889160156,363.8730834960937,53.61194053430652,1.743756464791368,80388540.0
2022-11-18,381.123291015625,92922500,-0.0036362623079776446,376.14881591796876,363.70165771484375,56.89221016065228,1.5123578862928242,80205060.0
2022-11-21,379.7374267578125,51243200,0.013457029988019231,377.5577056884766,363.4187481689453,57.09254611939538,1.1656759588517662,76073000.0
2022-11-22,384.8475646972656,60429000,0.006301560938204442,379.280322265625,363.58058166503906,68.7770751488375,1.1768131742860657,69519900.0
2022-11-23,387.272705078125,68261600,-0.0002234803806920871,382.0028381347656,363.76216491699216,74.04668922517871,1.2376081983148293,69470520.0
2022-11-25,387.1861572265625,30545400,-0.015957196935900364,382.7380859375,364.0278924560547,71.62830996802494,1.1632299644625146,60680340.0
2022-11-28,381.00775146484375,67881600,-0.00171743988840245,382.4878723144531,364.22710083007814,62.69074917860412,0.6166074047127479,55672160.0
2022-11-29,380.3533935546875,52310000,0.03150050307219043,382.4984649658203,364.35567260742187,60.754291900809406,0.15377256391785377,55885520.0
2022-11-30,392.334716796875,144566700,-0.0007357640278207178,383.38287353515625,364.8097131347656,75.38203101159048,0.573745982388151,72713060.0
2022-12-01,392.0460510253906,76398200,-0.0011536936138181186,384.5309661865234,365.38693664550783,63.844672581753365,0.7406810972867595,74340380.0
2022-12-02,391.59375,85342700,-0.017989292803846424,385.7502807617187,366.0161279296875,59.8870549944386,0.7281347094353281,85299840.0
2022-12-05,384.54925537109375,77289800,-0.014414831944676965,386.09287719726564,366.6251092529297,54.815817470333535,0.18139253367840258,87181480.0
2022-12-06,379.00604248046875,77972200,-0.0017012272057858047,386.0197387695313,367.1932861328125,45.22541911729825,-0.5761172215506827,92313920.0
2022-12-07,378.36126708984375,65927900,0.007833915759313026,385.37110900878906,367.7664678955078,47.53386597311484,-1.1121021739604044,76586160.0
2022-12-08,381.3253173828125,60737900,-0.0074701879143368455,384.7763702392578,368.2613116455078,52.07038705395041,-1.2483009246714083,73454100.0
2022-12-09,378.47674560546875,81447700,0.014417276800393841,383.9054290771484,368.84815856933596,47.22047366241585,-1.494884496603115,72675100.0
2022-12-12,383.933349609375,75405800,0.007569752720192335,384.19798889160154,369.65211364746096,54.05963373182063,-1.264304757559655,72298300.0
2022-12-13,386.8396301269531,123782500,-0.006393519197479436,384.84661254882815,370.3326940917969,52.01321500035776,-0.9066097509138089,81460360.0
2022-12-14,384.3663635253906,108111300,-0.024461455363302465,384.0497772216797,370.74516235351564,47.065656456726636,-0.8292361030080597,89897040.0
2022-12-15,374.9642028808594,117705900,-0.011806221410946893,382.3415924072266,370.9865234375,39.61397683321585,-1.3719143403570029,101290640.0
2022-12-16,370.53729248046875,119858000,-0.008479820810251115,380.23594665527344,371.21421691894534,40.829380111256874,-1.9541452792664882,108972700.0
2022-12-19,367.39520263671875,79878100,0.00136849119422644,378.5205413818359,371.5794329833984,39.12441910023031,-2.4441974386183265,109867160.0
2022-12-20,367.8979797363281,74427200,0.01495253408029229,377.40973510742185,372.0080200195313,24.595958794808425,-2.612606667152643,99996100.0
2022-12-21,373.39898681640625,78167400,-0.014266393516983111,376.91350708007815,372.59051025390625,32.51023435250367,-2.2456580282194825,94007320.0
2022-12-22,368.0719299316406,100120900,0.005752434233998072,375.5881683349609,373.08917053222655,29.786436120970407,-2.2482969405782356,90490320.0
2022-12-23,370.1892395019531,59857300,-0.003943411082324766,374.75941772460936,373.44906127929687,36.51795460992095,-2.002241434562603,78490180.0
2022-12-27,368.72943115234375,51638200,-0.012427947599698896,373.23902587890626,373.9402770996094,39.55048439449137,-1.8369275169427826,72842200.0
2022-12-28,364.1468811035156,70911500,0.018000287453493025,370.9697509765625,374.162958984375,36.61808756190661,-1.9259862420017066,72139060.0
2022-12-29,370.7016296386719,66970900,-0.0026341156045561753,369.6032775878906,374.4337823486328,40.631857234431095,-1.4546661168423105,69899760.0
2022-12-30,369.72515869140625,84022200,-0.004209934104015489,369.0793731689453,374.73569641113284,42.01920475911118,-1.1341281192261297,66680020.0
2023-01-03,368.16864013671875,74850700,0.00772031183299271,368.84250793457034,375.0659527587891,34.522842213753265,-0.9593329453322292,69678700.0
2023-01-04,371.0110168457031,85934100,-0.011413399813066882,369.20408935546874,375.2821423339844,34.440580628362085,-0.6021358687490257,76537880.0
2023-01-05,366.7765197753906,76970500,0.02293216651316765,369.091943359375,375.3254901123047,33.28796642191344,-0.5995948365496089,77749680.0
2023-01-06,375.1875,104189600,-0.0005670179233300265,369.2707946777344,375.42061096191406,50.21622608791243,-0.011107130508113183,85193420.0
2023-01-09,374.9747619628906,73978100,0.007012923151647588,369.96107788085936,375.5672943115234,54.6788091041252,0.3634708635562067,83184600.0
2023-01-10,377.60443115234375,65358100,0.01264775514974037,370.7025970458984,375.8058349609375,60.88206477400921,0.764905762060395,81286080.0
2023-01-11,382.3802795410156,68881100,0.0036408294856509205,372.06768188476565,375.9658984375,64.14796096637207,1.2973509349153693,77875480.0
2023-01-12,383.7724609375,90157700,0.0038794617069950466,374.0302398681641,376.20789001464846,61.018554535553136,1.6651045060715302,80512920.0
2023-01-13,385.26129150390625,63903900,-0.0018317931484520544,375.4862060546875,376.51218688964843,69.87920596255124,1.912727136254433,72455780.0
2023-01-17,384.5555725097656,62677300,-0.015788044821740788,376.96924743652346,376.98810302734375,67.17518428199706,1.927662714372537,70195620.0
2023-01-18,378.48419189453125,99632300,-0.0072799356886738,378.0008026123047,377.41688537597656,60.50378360189437,1.4491540857225393,77050460.0
2023-01-19,375.7288513183594,86958900,0.01862907566616734,378.4725860595703,377.6877819824219,62.98214671763956,0.8947674140086966,80666020.0
2023-01-20,382.72833251953125,91806400,0.011998731864037104,380.06776733398436,378.0293780517578,63.34756971140005,0.9423743011745493,80995760.0
2023-01-23,387.3205871582031,84178800,-0.0010733768887607464,381.2810760498047,378.42336181640627,68.07706802395614,1.2090320196473014,85050740.0
2023-01-24,386.90484619140625,59524900,0.0003748196298845041,382.4740844726563,378.9605078125,69.71110195034436,1.2766537087452137,84420260.0
2023-01-25,387.04986572265625,84800300,0.010990274268007694,383.4186279296875,379.1048315429687,67.88864919103676,1.2488553028214242,81453860.0
2023-01-26,391.30364990234375,72287400,0.0022976488191843725,384.3109649658203,379.26070678710937,77.34414072839684,1.4220720354930094,78519560.0
2023-01-27,392.2027282714844,68346200,-0.012546667954174806,385.15399169921875,379.49981201171875,72.78597356188713,1.4948701779229108,73827520.0
2023-01-30,387.2818908691406,74202000,0.014703257637847855,385.3560516357422,379.57563720703126,64.6356050796379,1.1260911548329244,71832160.0
2023-01-31,392.9761962890625,86811800,0.010627827318133054,386.1981140136719,379.8238586425781,67.03816506760441,1.1747391514163636,77289540.0
2023-02-01,397.1526794433594,101459200,0.014557051656847841,388.06496276855466,380.17890014648435,66.59431011478776,1.3829307694240485,80621320.0
2023-02-02,402.9340515136719,101654500,-0.010629202013459738,390.7854827880859,380.6151153564453,69.59277757633666,1.7794757721757932,86494740.0
2023-02-03,398.65118408203125,94736800,-0.006111382360654893,392.3777679443359,380.9933905029297,62.95119304704298,1.626957444818089,91772860.0
2023-02-06,396.2148742675781,60295300,0.01307877914860378,393.26719665527344,381.2207366943359,60.911992761363784,1.252426950134054,88991520.0
2023-02-07,401.3968811035156,90990700,-0.010934714151697889,394.7164001464844,381.50322021484374,71.80711987420003,1.2417056739657157,89827300.0
2023-02-08,397.0077209472656,76227500,-0.008669360309425334,395.7121856689453,381.6996514892578,69.64129577464789,0.8459353789677069,84780960.0
2023-02-09,393.56591796875,78694900,0.0023337578456197328,395.93841247558595,381.95081481933596,60.70674412182182,0.2881008154897904,80189040.0
2023-02-10,394.4844055175781,70769700,0.011738940228438244,396.1665802001953,382.2334350585937,57.631270968245296,-0.06446296718330125,75395620.0
2023-02-13,399.115234375,64913500,-0.0004602312488072302,397.34991455078125,382.3690454101563,61.93531643757159,-0.03282515138206321,76319260.0
2023-02-14,398.9315490722656,88389300,0.0032473520693434565,397.94544982910156,382.50675537109373,61.6052442222523,-0.06921195442061556,75798980.0
2023-02-15,400.2270202636719,61555700,-0.01376865958719875,398.2528839111328,382.6794207763672,59.250333282926995,-0.051773754429547125,72864620.0
2023-02-16,394.7164306640625,76431500,-0.002498208606913188,397.4311218261719,382.88276428222656,52.3784086269396,-0.4357421211863084,72411940.0
2023-02-17,393.7303466796875,89257800,-0.020060990147387714,396.9390380859375,383.17725036621096,56.592238552660724,-0.7614395684502142,76109560.0
2023-02-21,385.83172607421875,82655900,-0.0013782402091160328,395.9007232666016,383.32665954589845,43.01120786007012,-1.4729467973085777,79658040.0
2023-02-22,385.2999572753906,83742300,0.0053194687041924205,394.29103088378906,383.40615234375,37.51531695324745,-1.9154813225577163,78728640.0
2023-02-23,387.34954833984375,96242400,-0.01068238597552762,393.32521362304686,383.5836083984375,32.18395696850996,-1.9971284516412822,85665980.0
2023-02-24,383.21173095703125,108194400,0.0034058071771769782,392.289794921875,383.5691760253906,32.29104681363455,-2.2386123674081726,92018560.0
2023-02-27,384.5168762207031,80444700,-0.0036958379421848653,391.2930419921875,383.5227209472656,36.22502810192013,-2.2151604878618456,90255940.0
2023-02-28,383.09576416015625,96438600,-0.0038359689521831886,389.69109497070315,383.49730895996095,26.35524675367688,-2.1958159453153665,93012480.0
2023-03-01,381.626220703125,99706800,0.00777736941197249,387.96056213378904,383.63054931640625,28.505778889972092,-2.1781459447855065,96205380.0
2023-03-02,384.5942687988281,85127800,0.016037757932327867,386.3972869873047,383.91168884277346,37.29472666092159,-1.8742906443021132,93982460.0
2023-03-03,390.7622985839844,90120000,0.0006927252678921025,386.0018737792969,384.37903076171875,45.4111892847737,-1.198501295898273,90367580.0
2023-03-06,391.0329895019531,72795900,-0.01532875545845902,385.7321380615234,384.84173095703125,38.83550562063003,-0.6986396485098834,88837820.0
2023-03-07,385.0389404296875,108310600,0.001632089388280411,385.6528594970703,385.07453002929685,33.46376349374597,-0.7334583788929316,91212220.0
2023-03-08,385.6673583984375,74746600,-0.018449781555725853,385.689599609375,385.4264385986328,32.39013651869574,-0.677277080925033,86220180.0
2023-03-09,378.5518798828125,111945300,-0.014429409979758723,384.80983276367186,385.59369140625,31.179674275619277,-1.0596575756370916,91583680.0
2023-03-10,373.089599609375,189253000,-0.0014253112372600851,383.79761962890626,385.68089477539064,28.23651535062598,-1.5889566646550761,111410280.0
2023-03-13,372.5578308105469,157790000,0.01653025993254409,382.6017150878906,385.84911376953124,33.42989346131486,-1.86431947203877,128409100.0
2023-03-14,378.71630859375,149752400,-0.0062545850948477755,382.16376953125,386.0094073486328,42.79380061021193,-1.5348798958597603,136697460.0
2023-03-15,376.34759521484375,172996900,0.01754526661108291,381.6359069824219,386.14185607910156,38.04124422648499,-1.3843187867248503,156347520.0
2023-03-16,382.9507141113281,143254200,-0.011692764944799539,381.4715515136719,386.43749755859375,49.73071544118527,-0.778051378899399,162609300.0
2023-03-17,378.47296142578125,140553400,0.009615618762499167,380.24261779785155,386.5867364501953,44.14774443177742,-0.6233196318331298,152869380.0
2023-03-20,382.1122131347656,93055800,0.013130525044499075,379.3505401611328,386.8934503173828,49.08686317142289,-0.24028405391237806,139922540.0
2023-03-21,387.1295471191406,91524200,-0.017046365126186624,379.5596008300781,387.1322912597656,54.79355341189104,0.3542622316041597,128276900.0
2023-03-22,380.5303955078125,111746600,0.0027030560051068964,379.0459045410156,387.24340393066404,46.67084004382046,0.30806782449546377,116026840.0
2023-03-23,381.5589904785156,119351300,0.006562304420765441,379.34661560058595,387.3224951171875,41.7673362197459,0.3487739697833012,111246260.0
2023-03-24,384.0628967285156,107682400,0.0018698490652304667,380.4439453125,387.3561474609375,44.004561233297004,0.535169807191749,104672060.0
2023-03-27,384.7810363769531,74010400,-0.002244675320349221,381.6662658691406,387.3763189697266,49.756014751710154,0.6879267304619356,100862980.0
2023-03-28,383.9173278808594,62871700,0.014534741609495416,382.1863677978516,387.3494396972656,48.35175447824385,0.7090738864373722,95132480.0
2023-03-29,389.4974670410156,77497900,0.005855260492924286,383.50135498046876,387.44827758789063,60.61599498480702,1.0562372017177657,88282740.0
2023-03-30,391.778076171875,69840000,0.014094644371645426,384.38409118652345,387.7141552734375,69.31798537548659,1.3765665786173615,78380480.0
2023-03-31,397.300048828125,112062600,0.0038105873323415196,386.2667999267578,388.1455792236328,73.18385911815017,1.8670035416340318,79256520.0
2023-04-03,398.8139953613281,67391100,-0.00554806629183191,387.9369781494141,388.46729248046876,70.62725477139226,2.178312985667001,77932660.0
2023-04-04,396.6013488769531,66601500,-0.0026182238568316363,388.8841583251953,388.65290771484376,70.85424230293303,2.1182421393041366,78678620.0
2023-04-05,395.5629577636719,65200200,0.003900844997923425,390.3874145507813,388.82606994628907,64.66691935000759,1.8986566669785645,76219080.0
2023-04-06,397.1059875488281,63743300,0.001026331177666373,391.9421142578125,389.0271923828125,73.25592113432259,1.751014379184048,74999740.0
2023-04-10,397.5135498046875,63681000,0.0002686223046028946,393.2871795654297,389.15139038085937,70.90917678488123,1.5797505373514624,65323420.0
2023-04-11,397.6203308105469,59297900,-0.004075991331179196,394.57110900878905,389.25974243164063,66.43366338148289,1.3798633689418724,63704780.0
2023-04-12,395.9996337890625,86420400,0.01328278816249795,395.7793395996094,389.43409729003906,78.7104060608944,1.0591254698888428,67668560.0
2023-04-13,401.2596130371094,85814800,-0.002442792795362192,396.95555419921874,389.599765625,81.60036732887683,1.1161490086209613,71791480.0
2023-04-14,400.2794189453125,78161500,0.003588191720322431,397.8056884765625,389.66230041503906,77.3486128138063,1.0061796162439087,74675120.0
2023-04-17,401.7156982421875,66436400,0.0006522621020981223,398.24725341796875,389.6379333496094,77.88430712208967,0.9492274665705249,75226200.0
2023-04-18,401.97772216796875,63560000,-0.00016899476055509677,398.5636260986328,389.70446411132815,80.33906994150607,0.8513893073900967,76078620.0
2023-04-19,401.9097900390625,55227300,-0.0054570387660234365,399.09447021484374,389.8183624267578,75.59026086868985,0.7100559144958454,69840000.0
2023-04-20,399.716552734375,75840400,0.0007769940735591341,399.50982971191405,389.784755859375,66.42578943912062,0.4116191094737518,67845120.0
2023-04-21,400.0271301269531,73457400,0.0010431726546866749,399.80194396972655,389.84514404296874,57.194220857532514,0.1892069211908196,66904300.0
2023-04-24,400.4444274902344,64332100,-0.015873934013287738,400.09503173828125,389.98271423339844,54.565341482005586,0.032484082633893685,66483440.0
2023-04-25,394.0877990722656,97766700,-0.0042355775973133,399.7417785644531,389.9747821044922,44.287545289603784,-0.507220429988382,73324780.0
2023-04-26,392.4186096191406,80447000,0.01990796478015433,399.38367614746096,389.840849609375,43.05313207099379,-0.9583807719715565,78368720.0
2023-04-27,400.2308654785156,92968400,0.008535189155123968,399.2808013916016,389.8668359375,55.406244456271075,-0.7231247394512432,81794320.0
2023-04-28,403.64691162109375,89433100,-0.0010096999236847148,399.6175506591797,389.93523376464844,59.610672552931426,-0.34887641767828104,84989460.0
2023-05-01,403.2393493652344,62122300,-0.011239165973617404,399.76991577148436,390.1056921386719,58.72250235443705,-0.15034773258879408,84547500.0
2023-05-02,398.707275390625,103998500,-0.0068640718141209645,399.44287109375,390.2052307128906,53.854702681660754,-0.3352379426273808,85793860.0
2023-05-03,395.97052001953125,91531800,-0.007082994416563015,398.84894409179685,390.4080065917969,41.88740962372199,-0.6354183235792399,88010820.0
2023-05-04,393.1658630371094,94901900,0.018512707072022794,398.1938751220703,390.56532470703127,39.667292281532006,-0.9950094738369408,88397520.0
2023-05-05,400.4444274902344,87891800,0.0002665800319667788,398.23560485839846,390.82722229003906,48.42136218287597,-0.7272323173915058,88089260.0
2023-05-08,400.5511779785156,50046800,-0.004385360413023398,398.24627990722655,391.17401123046875,48.22168911572545,-0.5363010844859746,85674160.0
2023-05-09,398.79461669921875,49220100,0.0046722063297739425,398.7169616699219,391.4595660400391,46.273551774843355,-0.5212341837467345,74718480.0
2023-05-10,400.6578674316406,96142900,-0.001743881770376321,399.5408874511719,391.81080810546877,51.134984608070624,-0.3849895269981909,75640700.0
2023-05-11,399.95916748046875,70157100,-0.0013102533812732187,399.5137176513672,392.17746704101563,49.918814302389926,-0.34255540886214897,70691740.0
2023-05-12,399.43511962890625,70481500,0.0034499250879957977,399.09253845214846,392.4742840576172,48.79738481286067,-0.3492177434615733,67209680.0
2023-05-15,400.8131408691406,54289400,-0.00668273456858981,398.84991760253905,392.6753009033203,59.09212430667065,-0.2641219891554165,68058200.0
2023-05-16,398.1346130371094,57705500,0.012139129968208762,398.7926513671875,392.81733337402346,57.522289514691,-0.384252399941593,69755280.0
2023-05-17,402.9676208496094,87287000,0.009633121215336438,399.4923614501953,393.17590698242185,53.908028545630124,-0.14647271501389003,67984100.0
2023-05-18,406.8494567871094,97177200,-0.0014550344619939093,400.8607208251953,393.5995489501953,54.51312940868849,0.24280555403465387,73388120.0
2023-05-19,406.2574768066406,103793300,0.00040624252333087973,401.44202575683596,394.1536608886719,54.231249069448644,0.4205717072722621,80050480.0
2023-05-22,406.4225158691406,60745400,-0.011222923438536814,402.02915954589844,394.8203192138672,62.325571417845616,0.5037999872868248,81341680.0
2023-05-23,401.86126708984375,86383500,-0.007244807372919104,402.33582458496096,395.4063879394531,58.892447399359476,0.22064188522900796,87077280.0
2023-05-24,398.9498596191406,89213700,0.008659896522463573,402.16502380371094,395.8110589599609,58.703250964782896,-0.17253035692504493,87462620.0
2023-05-25,402.40472412109375,90961600,0.012950707257804783,402.4095794677734,396.33220153808594,53.33324338825864,-0.2073727560377343,86219500.0
2023-05-26,407.61614990234375,93830000,0.00038093053363374985,403.22768249511716,396.82551025390626,60.236147011772864,0.09677782625653353,84226840.0
2023-05-30,407.77142333984375,72216000,-0.005545188564401338,403.9235107421875,397.4114794921875,63.63898548708676,0.2745661590759072,86520960.0
2023-05-31,405.51025390625,110811800,0.009500999416003797,404.66107482910155,397.8794403076172,57.284432956535206,0.20899559318277516,91406620.0
2023-06-01,409.3630065917969,88865000,0.014461226984598952,405.3006134033203,398.3241094970703,62.89589124337409,0.3840295848106261,91336880.0
2023-06-02,415.28289794921875,91426200,-0.0019163006439598673,406.1439575195312,399.01915954589845,68.93110870021698,0.8317389604578858,91429800.0
2023-06-05,414.4870910644531,65460200,0.002177307423482988,406.9669189453125,399.6777215576172,66.56475466441499,0.9964104448772688,85755840.0
2023-06-06,415.3895568847656,64022200,-0.0034575948179056404,407.863623046875,400.3042547607422,71.84271360977102,1.0811556867165208,84117080.0
2023-06-07,413.95330810546875,85373300,0.00604854375660091,409.0728271484375,400.8877001953125,65.21503908379833,0.9596467479345105,79029380.0
2023-06-08,416.4571228027344,61952800,0.0017943105713735807,410.82355346679685,401.53849609375,63.83457430726937,0.9644898012138445,73646940.0
2023-06-09,417.2043762207031,85742800,0.009071862071356795,412.3035186767578,402.09263427734373,65.69283159390466,0.9339760498662488,72510260.0
2023-06-12,420.98919677734375,76104300,0.006592908402726971,413.6408233642578,402.67685668945313,68.91853221161506,1.074622637758639,74639080.0
2023-06-13,423.7647399902344,95899700,0.0011908462980818602,415.2401550292969,403.20615051269533,79.83088986478006,1.2483172792275594,81014580.0
2023-06-14,424.2693786621094,100612100,0.012397662888270267,417.11606750488284,403.71525817871094,86.90249773604309,1.2858514501599716,84062340.0
2023-06-15,429.5293273925781,110303100,-0.003406154410391271,419.13269958496096,404.37381774902343,87.5572029440026,1.5366173358763406,93732400.0
2023-06-16,428.0662841796875,114165800,-0.005188254319778651,420.4110382080078,405.02388427734377,81.5952511174396,1.475339265909926,99417000.0
2023-06-20,425.8453674316406,76160400,-0.005123798372965727,421.54686584472654,405.598671875,76.24866262995869,1.1699620724020194,99428220.0
2023-06-21,423.6634216308594,76982300,0.003609769724020717,422.37425231933594,406.1216693115234,76.42452452176757,0.7274171089290489,95644740.0
2023-06-22,425.1927490234375,70637200,-0.007559976102290422,423.4981964111328,406.67311767578127,74.71415080944944,0.45728383713612963,89649760.0
2023-06-23,421.9783020019531,92074500,-0.004085732768705053,424.05031433105466,407.19269104003905,61.417724417521455,0.005596862852789819,86004040.0
2023-06-26,420.25421142578125,72823600,0.01096334369093066,424.3552978515625,407.5725830078125,59.532901593348555,-0.4411079670896312,77735600.0
2023-06-27,424.8616027832031,72813700,0.0005044582748072735,424.74253845214844,408.0642266845703,63.94858464873727,-0.4562073203593595,77066260.0
2023-06-28,425.075927734375,75636000,0.003941305292999742,424.8736572265625,408.53143127441405,66.9906931730667,-0.47930863566777404,76797000.0
2023-06-29,426.75128173828125,67882300,0.011800595346639353,425.12184753417966,409.0269024658203,66.1335050062225,-0.41188251438651147,76246020.0
2023-06-30,431.7872009277344,104964000,0.0011505566937357603,425.34763488769534,409.62445068359375,70.14663597345543,-0.07584795553854651,78823920.0
2023-07-03,432.28399658203125,32793400,-0.0014872487148327451,425.7694061279297,410.2757995605469,67.16342604443753,0.12142629436008434,70817880.0
2023-07-05,431.6410827636719,58418400,-0.007830591243009888,426.34897766113284,410.90807861328125,62.79829734227506,0.14837647762054118,67938820.0
2023-07-06,428.2610778808594,80658300,-0.0025246452018024,426.8087432861328,411.46441162109375,55.93183290008581,-0.10785487489730805,68943280.0
2023-07-07,427.17987060546875,86134200,0.002531035167593787,427.00745544433596,412.1262530517578,46.01350252745193,-0.3811971410298458,72593660.0
2023-07-10,428.2610778808594,62443500,0.006368513543432819,427.63573303222654,412.84310241699217,50.334859954778416,-0.5120660728263617,64089560.0
2023-07-11,430.98846435546875,64463800,0.008046022589276891,428.7091583251953,413.45825439453125,58.68991967461465,-0.44055270029320326,70423640.0
2023-07-12,434.4562072753906,91924500,0.00793677497202383,429.6686187744141,414.0744403076172,67.47643341562778,-0.1976869419105185,77124860.0
2023-07-13,437.9043884277344,72425200,-0.0006228199646099997,430.95146484375,414.7677410888672,69.37929134979264,0.13904993012572486,75478240.0
2023-07-14,437.63165283203125,69815800,0.0034723089048120936,432.039501953125,415.5462286376953,76.21540288889776,0.2791939573129998,72214560.0
2023-07-17,439.1512451171875,52680200,0.007430521021801972,432.7759063720703,416.40984313964844,81.86602250318033,0.4025166551507944,70261900.0
2023-07-18,442.41436767578125,80668200,0.0022238341994644806,433.7889434814453,417.3948132324219,81.00484395938966,0.6191819020023015,73502780.0
2023-07-19,443.3982238769531,65891700,-0.006634605874636712,434.96465759277345,418.25388916015623,81.50757323699598,0.7361258050164379,68296220.0
2023-07-20,440.4564514160156,70591600,0.0,436.18419494628904,419.05199462890624,72.58416049709282,0.5322336791560547,67929500.0
2023-07-21,440.4564514160156,71275600,0.004467369880585936,437.51185302734376,419.8852313232422,67.12849294055792,0.32446008590287967,68221460.0
2023-07-24,442.42413330078125,54023400,0.002730084400229149,438.92815856933595,420.720556640625,68.93412897946531,0.2499788500270661,68490100.0
2023-07-25,443.6319885253906,55191200,0.00015374632324438586,440.1925109863281,421.5940130615234,71.92735341323328,0.21388699619002605,63394700.0
2023-07-26,443.7001953125,71052900,-0.006630021745398396,441.1169097900391,422.4793145751953,82.1239394335772,0.13053166532227856,64426940.0
2023-07-27,440.7584533691406,92194400,0.00979029442614654,441.4023162841797,423.2782208251953,76.22250851309349,-0.17046327737907863,68747500.0
2023-07-28,445.0736083984375,80011800,0.001903981933290444,442.1465118408203,424.21700073242187,78.86268309217922,-0.12858512848004722,70494740.0
2023-07-31,445.9210205078125,62040400,-0.002861563899112629,442.8234893798828,425.0760687255859,77.40415741638907,-0.09500627043885945,72098140.0
2023-08-01,444.6449890136719,55291500,-0.01391072294702711,443.0465515136719,425.8319793701172,70.33417463712684,-0.2036861778652348,72118200.0
2023-08-02,438.45965576171875,93933400,-0.0028659930233947417,442.5526947021484,426.47602294921876,50.99902376243495,-0.7086698703027299,76694300.0
2023-08-03,437.2030334472656,64276100,-0.004522531302462607,442.22735290527345,427.09163330078127,49.25520665960319,-1.1194229982540849,71110640.0
2023-08-04,435.22576904296875,100128900,0.008728408093466866,441.70428466796875,427.75892333984376,43.28566536795995,-1.4930201794038949,75134060.0
2023-08-07,439.02459716796875,58357500,-0.004348754528547882,441.3643310546875,428.5604180908203,44.30630593686887,-1.451724525142648,74397480.0
2023-08-08,437.1153869628906,71361300,-0.006685145988762353,440.7126708984375,429.25463134765624,39.765071309825885,-1.51351176325056,77611440.0
2023-08-09,434.1932067871094,78789600,0.0003588788388912967,439.76197204589846,429.7861724853516,39.79047069474983,-1.6978661497152623,74582680.0
2023-08-10,434.3490295410156,93005500,-0.000583021593368982,439.12102966308595,430.317724609375,40.09479160892324,-1.749078352085197,80328560.0
2023-08-11,434.0957946777344,68690900,0.005520002142789249,438.02324829101565,430.8894354248047,35.697462467388576,-1.7362735827141176,74040960.0
2023-08-14,436.49200439453125,47867400,-0.011648909282477748,437.0803466796875,431.43201538085935,38.219112829400885,-1.5109767806178511,71942940.0
2023-08-15,431.4073486328125,75707500,-0.0073381004270124395,435.75658264160154,431.75450439453124,32.597748661604555,-1.6382720561663056,72812180.0
2023-08-16,428.24163818359375,80107200,-0.0076199586933931585,434.7347808837891,432.02959533691404,32.39234305977102,-1.8536956262070627,73075700.0
2023-08-17,424.97845458984375,95711300,0.0004812686534689803,433.5123229980469,432.22137329101565,20.869579835501625,-2.1150590054674403,73616860.0
2023-08-18,425.1829833984375,98852000,0.006506275015438767,432.50804443359374,432.445966796875,19.366672737337694,-2.1653935153064454,79649080.0
2023-08-21,427.9493408203125,68719000,-0.002708541740295445,431.4005187988281,432.6758111572266,26.377966015338615,-1.9123953128846982,83819400.0
2023-08-22,426.79022216796875,64994200,0.011137669607757195,430.3680023193359,432.8675280761719,30.75172104130297,-1.7286926034526349,81676740.0
2023-08-23,431.5436706542969,68441000,-0.013858952905357769,430.10304870605466,433.07861755371096,41.63057665194182,-1.2167867040555667,79343500.0
2023-08-24,425.56292724609375,88517300,0.0070497730846221796,429.2244384765625,433.1145812988281,37.22293602267518,-1.2082621033219438,77904700.0
2023-08-25,428.56304931640625,102325100,0.006341381715247119,428.67116394042966,433.20045471191406,35.86832133446342,-0.93980229449162,78599320.0
2023-08-28,431.2807312011719,61595400,0.014454784026302514,428.15003662109376,433.23548278808596,42.28689413450552,-0.5383759130739059,77174600.0
2023-08-29,437.5148010253906,83081900,0.004118792019103701,428.7607818603516,433.424453125,54.037441724509385,0.1509826367920375,80792140.0
2023-08-30,439.31683349609375,69053900,-0.0014634399807607057,429.86830139160156,433.6938824462891,55.80607354133928,0.7014877875494228,80914720.0
2023-08-31,438.6739196777344,66084600,0.001865182201190585,431.23784790039065,433.99409240722656,55.302342678599196,0.9784743352217542,76428180.0
2023-09-01,439.49212646484375,58944100,-0.004321908097323024,432.66876220703125,434.2800799560547,53.60654246202249,1.1605197915505583,67751980.0
2023-09-05,437.5926818847656,55166200,-0.006722487709600045,433.6330963134766,434.5923675537109,58.05223358195495,1.0974356668245624,66466140.0
2023-09-06,434.6509704589844,70758500,-0.0030702166725655733,434.41917114257814,434.880302734375,58.39278963618098,0.8149997306617222,64001460.0
2023-09-07,433.3164978027344,70355400,0.0015061009943364567,434.59645385742186,435.0494006347656,61.499210016170046,0.5105967613429104,64261760.0
2023-09-08,433.9691162109375,61659700,0.006576724822964453,435.43707275390625,435.2272644042969,61.96924872909048,0.334030344092105,63376780.0
2023-09-11,436.8232116699219,60180100,-0.005485606465861714,436.2630889892578,435.4287030029297,62.05994407564304,0.38657710403379514,63623980.0
2023-09-12,434.4269714355469,67565400,0.0011659042311920054,436.5777130126953,435.48149841308594,60.04100810933355,0.24402773116903892,66103820.0
2023-09-13,434.9334716796875,60199300,0.008622429290129796,436.319580078125,435.53448791503905,55.01734073758889,0.17135848302543605,63991980.0
2023-09-14,438.68365478515625,83430800,-0.012048318493228405,436.2562622070312,435.67533935546874,70.79335293662463,0.35291188705234033,66607060.0
2023-09-15,433.39825439453125,111848900,0.0005864130463102413,435.72869567871095,435.7780828857422,57.1451506416385,0.10685560737905214,76644900.0
2023-09-18,433.65240478515625,55752200,-0.0020738326360975057,435.1447235107422,435.90753356933595,53.77991612832308,-0.041041817177285556,75759320.0
2023-09-19,432.7530822753906,66514600,-0.009193359337674178,434.6607635498047,435.99737365722655,40.85596408771786,-0.19318054879180252,75549160.0
2023-09-20,428.7746276855469,82562600,-0.01652829623047891,434.07312927246096,435.9530969238281,31.31723177866691,-0.5360650041835822,80021820.0
2023-09-21,421.6877136230469,104095800,-0.0022485387212189956,432.9102508544922,435.6977270507812,25.494336353005806,-1.1776834351763326,84154820.0
2023-09-22,420.7395324707031,100829700,0.004205183903174481,431.58729248046876,435.35442993164065,23.047083004729274,-1.5784640643636962,81950980.0
2023-09-25,422.5088195800781,70874500,-0.014691180474011523,430.1558532714844,435.0519732666016,28.238695100109368,-1.630262527487738,84975440.0
2023-09-26,416.3016662597656,96168400,0.000399080063275159,428.34332275390625,434.5949816894531,25.80713952328071,-1.965932464536542,90906200.0
2023-09-27,416.4678039550781,104705800,0.005797469109463327,426.4967559814453,434.07605041503905,27.079500089673004,-2.0507218679674724,95334840.0
2023-09-28,418.88226318359375,92258300,-0.002426938669528811,424.51661682128906,433.5857312011719,30.41506749026233,-1.8256627749392043,92967340.0
2023-09-29,417.86566162109375,115111300,-0.00039765941103175884,422.96335754394534,433.13391540527346,24.15747772063662,-1.6329958459834528,95823660.0
2023-10-02,417.6994934082031,83798600,-0.013386178903071144,421.36806640625,432.6787762451172,25.72132718887478,-1.4127370192520807,98408480.0
2023-10-03,412.10809326171875,103760600,0.007281939117405489,419.30356750488284,432.07245544433596,21.13182816084678,-1.5297361714332647,99926920.0
2023-10-04,415.1090393066406,87453000,-0.0003767011929532993,417.9370086669922,431.50199645996094,19.608259704003416,-1.3001587633180236,96476360.0
2023-10-05,414.9526672363281,70142700,0.011872765573480715,417.2635040283203,430.9270458984375,22.59651349942193,-1.0639180498316136,92053240.0
2023-10-06,419.8793029785156,113273300,0.006402247902312697,417.17748107910154,430.509462890625,32.0326004651522,-0.5090744659937174,91685640.0
2023-10-09,422.5674743652344,80374400,0.005204853636150419,417.1833465576172,430.05934020996096,37.305085390437796,0.07468412509487266,91000800.0
2023-10-10,424.7668762207031,78607300,0.0040961979302611695,418.0298675537109,429.6362573242188,44.77311117019328,0.6146021427334944,85970140.0
2023-10-11,426.5068054199219,62451700,-0.006096406102702678,419.0337677001953,429.27349365234375,57.303680516241705,1.0680150694953845,80969880.0
2023-10-12,423.9066467285156,81154200,-0.004980860040834867,419.5362060546875,428.9824334716797,54.57109734525748,1.1640311340040483,83172180.0
2023-10-13,421.79522705078125,95143100,0.010521520779464444,419.9291625976563,428.67427734375,48.980143703653304,1.0595415680749625,79546140.0
2023-10-16,426.233154296875,75433200,-4.5822925324068287e-05,420.78252868652345,428.49442504882813,64.9499776279776,1.2504055837871877,78557900.0
2023-10-17,426.213623046875,75324700,-0.013325201300743328,422.1930816650391,428.23820556640624,64.73552729813059,1.3290715803896003,77901380.0
2023-10-18,420.53424072265625,93559800,-0.008786387525284711,422.7356018066406,427.9065826416016,52.27331903234856,0.9690625346317048,84123000.0
2023-10-19,416.8392639160156,121323000,-0.012288098335828557,422.92426147460935,427.5595037841797,48.68452445674494,0.4774041745966895,92156760.0
2023-10-20,411.71710205078125,123919900,-0.0017332108035892357,422.10804138183596,427.106865234375,43.19694438409808,-0.16316359845405604,97912120.0
2023-10-23,411.0035095214844,92035100,0.007539336710929545,420.95164489746094,426.64501953125,48.58714940265637,-0.5817688069336846,101232500.0
2023-10-24,414.1022033691406,78564200,-0.014352102588040427,419.8851776123047,426.19722351074216,48.71538885652788,-0.5946910241570236,101880400.0
2023-10-25,408.1589660644531,94223200,-0.01197453103666346,418.05039367675784,425.732255859375,42.44728406756108,-0.9283410992717855,102013080.0
2023-10-26,403.2714538574219,115156800,-0.004532858437224396,415.98687438964845,425.23285217285155,31.52059198650427,-1.3760369073981522,100779840.0
2023-10-27,401.4434814453125,107367700,0.011955756585198873,413.9516998291016,424.76215270996096,26.036797599355808,-1.6733564689742302,97469400.0
2023-10-30,406.2430419921875,86562700,0.006280305882642834,411.9526885986328,424.38335388183594,30.157027122272197,-1.434069541574567,96374920.0
2023-10-31,408.79437255859375,79665200,0.010664726494385324,410.2107635498047,424.00025451660156,31.350409268483588,-1.0112001293280235,96595120.0
2023-11-01,413.154052734375,98068100,0.019164319240503547,409.4727447509766,423.7275311279297,39.08299121597546,-0.37772290843627676,97364100.0
2023-11-02,421.0718688964844,94938900,0.009123415866272522,409.89600524902346,423.5180950927734,49.34303923139221,0.5824841171791428,93320520.0
2023-11-03,424.9134826660156,100167800,0.002300560237266769,411.21564331054685,423.5051062011719,48.78833746439378,1.4356821025678022,91880540.0
2023-11-06,425.8910217285156,67831700,0.0028459549240351656,412.70439453125,423.45166564941405,49.70892275259783,1.9910320796926095,88134340.0
2023-11-07,427.10308837890625,64256100,0.0007324594503559378,414.0044830322266,423.36811279296876,56.44665088507873,2.341013369945262,85052520.0
2023-11-08,427.4159240722656,61746000,-0.007798757136895262,415.9301788330078,423.16613525390625,61.117968985583495,2.4812044864486014,77788100.0
2023-11-09,424.0826110839844,83174400,0.015604829444647361,418.01129455566405,422.86145080566405,63.50631627859226,2.244210278660259,75435200.0
2023-11-10,430.7003479003906,89462200,-0.0009532218409319393,420.9369812011719,422.7019793701172,69.05620379337223,2.413164986772788,73294080.0
2023-11-13,430.289794921875,52236100,0.019400788780726153,423.34165649414064,422.5179327392578,66.52038906312777,2.3736745993674306,70174960.0
2023-11-14,438.63775634765625,97176900,0.0021169834419167977,426.32599487304685,422.5388342285156,79.6500757336006,2.759142858945208,76759120.0
2023-11-15,439.56634521484375,77327600,0.0012230182362737985,428.96722412109375,422.6371417236328,88.25462361053661,2.9109844141367356,79875440.0
2023-11-16,440.10394287109375,66665800,0.001243921675440962,430.8704315185547,422.772890625,91.88729678398926,2.876846623924246,76573720.0
2023-11-17,440.6513977050781,83133200,0.007697552472373026,432.44422302246096,422.90653625488284,91.06392463566695,2.7220022890767446,75307920.0
2023-11-20,444.0433349609375,69936200,-0.0021794571865043633,434.25945434570315,423.05093872070313,91.23969220134876,2.674942855540544,78847940.0
2023-11-21,443.0755615234375,49244600,0.003860882861413284,435.85670166015626,423.2239105224609,88.024743067675,2.413584556049483,69261480.0
2023-11-22,444.7862243652344,59394900,0.0006154477382296353,437.59373168945314,423.42096557617185,85.7816059985965,2.1970392115783257,65674940.0
2023-11-24,445.0599670410156,29737400,-0.0018009802022459498,439.69146728515625,423.5484918212891,84.06602252766419,1.9232250390576127,58289260.0
2023-11-27,444.2584228515625,50506000,0.0009900765655546095,441.0472747802734,423.7656951904297,81.24369922392088,1.5548639514116411,51763820.0
2023-11-28,444.6982727050781,62115000,-0.0007033412931886085,442.4881225585938,423.98661254882813,80.73764942086919,1.2222318041829743,50199580.0
2023-11-29,444.385498046875,63146000,0.003937335560923794,443.0628967285156,424.2192608642578,79.6448118020747,0.8786145398459713,52979860.0
2023-11-30,446.13519287109375,79752700,0.005915879914286659,443.71978149414065,424.56647216796875,90.78091191983539,0.675744445521298,57051420.0
2023-12-01,448.77447509765625,89183400,-0.005249349186511987,444.5868347167969,425.10820739746094,89.19033735612636,0.6269579677048291,68940620.0
2023-12-04,446.418701171875,72430900,-0.00019708443553867472,445.16356506347654,425.62179077148437,82.25182827405071,0.35710380509337014,73325600.0
2023-12-05,446.3307189941406,69793500,-0.004029779769598951,445.3923034667969,426.0982287597656,72.97139180847438,0.10674616114099145,74861300.0
2023-12-06,444.5321044921875,69124700,0.007630422503032364,445.5379577636719,426.66283752441404,64.09550968645075,-0.227679135910261,76057040.0
2023-12-07,447.924072265625,66995400,0.004299006865983834,445.85174255371095,427.291962890625,69.10232135136344,-0.2654955211054224,73505580.0
2023-12-08,449.8497009277344,83194400,0.003889713327239086,446.3307159423828,427.9113116455078,71.05141851401751,-0.20839400767080285,72307780.0
2023-12-11,451.5994873046875,65002200,0.0045672351123922095,447.0648223876953,428.5859881591797,68.69864668922185,-0.1055400216721063,70822040.0
2023-12-12,453.66204833984375,68327600,0.013790027148588235,447.96119995117186,429.3052392578125,74.8510646833459,0.04080004689870265,70528860.0
2023-12-13,459.9180603027344,93278000,0.0032094950464796046,449.5144561767578,430.2614385986328,79.27396043906218,0.4742482113324451,75359520.0
2023-12-14,461.3941650390625,119026000,-0.001646607532103439,451.0403533935547,431.18714111328126,80.19530743149855,0.758804678957671,85765640.0
2023-12-15,460.6344299316406,141553700,0.0056251896026180415,452.2263488769531,432.1007763671875,80.31946210130802,0.7907062504422218,97437500.0
2023-12-18,463.2255859375,70375300,0.006080844979265976,453.90703735351565,432.9677020263672,81.77155781913486,0.8746201577413615,98512120.0
2023-12-19,466.0423889160156,55761800,-0.013857387302974034,455.8782043457031,433.83720031738284,84.20110056088315,0.9991423101864036,95998960.0
2023-12-20,459.5842590332031,102921000,0.009482022067301976,457.3834197998047,434.53354797363284,68.48946555379997,0.5484074722758043,97927560.0
2023-12-21,463.9420471191406,86667500,0.0020096756753662515,458.98521728515624,435.28225280761717,69.91119881993704,0.4497376476458994,91455860.0
2023-12-22,464.8744201660156,67160400,0.0042224761299560765,460.48768920898436,436.1016082763672,75.16827905482397,0.3572807594883969,76577200.0
2023-12-26,466.83734130859375,55387000,0.0018080937805731168,462.011474609375,437.00245056152346,76.60462519746767,0.3385176192003714,73579540.0
2023-12-27,467.6814270019531,68000300,0.00037781439916573234,463.4134124755859,437.831416015625,80.79591616345415,0.2947548725155995,76027240.0
2023-12-28,467.8581237792969,77158100,-0.002894961278865571,464.20741882324216,438.66430603027345,78.9993864480492,0.1943539649047823,70874660.0
