,value,value,value
,mean,median,std
category,,,
A,11.5,11.5,1.2909944487358056
B,15.666666666666666,15.0,2.0816659994661326
C,27.666666666666668,28.0,2.516611478423583
